freguesia,freguesia_codigo,tipo,titulo,datas,url_viewer,url_info
Açores,clb01,Registos de óbitos,PT/ADGRD/PRQ/PCLB01/003/00001,1860-01-06 – 1860-12-31,https://digitarq.arquivos.pt/fileViewer/734a3244db0d49c2886cb74df6c6e5c7?isRepresentation=false,https://digitarq.arquivos.pt/documentDetails/734a3244db0d49c2886cb74df6c6e5c7
Açores,clb01,Registos de óbitos,PT/ADGRD/PRQ/PCLB01/003/00002,1861-01-08 – 1861-12-16,https://digitarq.arquivos.pt/fileViewer/9b0f2931d77d4165aa5ee059e841ec26?isRepresentation=false,https://digitarq.arquivos.pt/documentDetails/9b0f2931d77d4165aa5ee059e841ec26
Açores,clb01,Registos de óbitos,PT/ADGRD/PRQ/PCLB01/003/00003,1862-01-01 – 1862-12-26,https://digitarq.arquivos.pt/fileViewer/822dd700d06c4b40a1fc25c5dd63f550?isRepresentation=false,https://digitarq.arquivos.pt/documentDetails/822dd700d06c4b40a1fc25c5dd63f550
Açores,clb01,Registos de óbitos,PT/ADGRD/PRQ/PCLB01/003/00004,1863-01-12 – 1863-12-29,https://digitarq.arquivos.pt/fileViewer/a962e045a7b54e4ca29c685780c8f869?isRepresentation=false,https://digitarq.arquivos.pt/documentDetails/a962e045a7b54e4ca29c685780c8f869
Açores,clb01,Registos de óbitos,PT/ADGRD/PRQ/PCLB01/003/00005,1864-05-10 – 1864-11-21,https://digitarq.arquivos.pt/fileViewer/ecbb890311784587abbe7066fdefb8ae?isRepresentation=false,https://digitarq.arquivos.pt/documentDetails/ecbb890311784587abbe7066fdefb8ae
Açores,clb01,Registos de óbitos,PT/ADGRD/PRQ/PCLB01/003/00006,1865-01-09 – 1865-12-28,https://digitarq.arquivos.pt/fileViewer/41c0be82697d4ee38b7bca10ca39529d?isRepresentation=false,https://digitarq.arquivos.pt/documentDetails/41c0be82697d4ee38b7bca10ca39529d
Açores,clb01,Registos de óbitos,PT/ADGRD/PRQ/PCLB01/003/00007,1866-01-24 – 1866-12-16,https://digitarq.arquivos.pt/fileViewer/2d70ee5f48ce497c999995bf135068d2?isRepresentation=false,https://digitarq.arquivos.pt/documentDetails/2d70ee5f48ce497c999995bf135068d2
Açores,clb01,Registos de óbitos,PT/ADGRD/PRQ/PCLB01/003/00008,1866-01-24 – 1866-12-16,https://digitarq.arquivos.pt/fileViewer/f565637c1ff3478cb4a17842692e13cd?isRepresentation=false,https://digitarq.arquivos.pt/documentDetails/f565637c1ff3478cb4a17842692e13cd
Açores,clb01,Registos de óbitos,PT/ADGRD/PRQ/PCLB01/003/00009,1867-01-29 – 1867-11-03,https://digitarq.arquivos.pt/fileViewer/53fd2f298bfc40a6bcd1efaa8065e28e?isRepresentation=false,https://digitarq.arquivos.pt/documentDetails/53fd2f298bfc40a6bcd1efaa8065e28e
Açores,clb01,Registos de óbitos,PT/ADGRD/PRQ/PCLB01/003/00010,1868-01-10 – 1868-12-31,https://digitarq.arquivos.pt/fileViewer/775eabae1093464583ed2076a3f7a17a?isRepresentation=false,https://digitarq.arquivos.pt/documentDetails/775eabae1093464583ed2076a3f7a17a
Açores,clb01,Registos de óbitos,PT/ADGRD/PRQ/PCLB01/003/00011,1869-01-04 – 1869-11-16,https://digitarq.arquivos.pt/fileViewer/e78b1382f2d1424fb5f42d5e51776c02?isRepresentation=false,https://digitarq.arquivos.pt/documentDetails/e78b1382f2d1424fb5f42d5e51776c02
Açores,clb01,Registos de óbitos,PT/ADGRD/PRQ/PCLB01/003/00012,1870-01-11 – 1870-12-14,https://digitarq.arquivos.pt/fileViewer/811f7382a5af458b9d83d08ede65ad77?isRepresentation=false,https://digitarq.arquivos.pt/documentDetails/811f7382a5af458b9d83d08ede65ad77
Açores,clb01,Registos de óbitos,PT/ADGRD/PRQ/PCLB01/003/00013,1871-01-16 – 1871-11-15,https://digitarq.arquivos.pt/fileViewer/90e6cf819e684390a2c7251c046029b8?isRepresentation=false,https://digitarq.arquivos.pt/documentDetails/90e6cf819e684390a2c7251c046029b8
Açores,clb01,Registos de óbitos,PT/ADGRD/PRQ/PCLB01/003/00014,1872-01-03 – 1872-12-23,https://digitarq.arquivos.pt/fileViewer/9ebcb2e4473a4fb9a14db130aa19fff9?isRepresentation=false,https://digitarq.arquivos.pt/documentDetails/9ebcb2e4473a4fb9a14db130aa19fff9
Açores,clb01,Registos de óbitos,PT/ADGRD/PRQ/PCLB01/003/00015,1873-01-16 – 1873-12-11,https://digitarq.arquivos.pt/fileViewer/e33e8b5e6bb64da98d6b612995658e72?isRepresentation=false,https://digitarq.arquivos.pt/documentDetails/e33e8b5e6bb64da98d6b612995658e72
Açores,clb01,Registos de óbitos,PT/ADGRD/PRQ/PCLB01/003/00016,1874-02-22 – 1874-12-18,https://digitarq.arquivos.pt/fileViewer/a1fc1f6e8fbb49d3905b969255094349?isRepresentation=false,https://digitarq.arquivos.pt/documentDetails/a1fc1f6e8fbb49d3905b969255094349
Açores,clb01,Registos de óbitos,PT/ADGRD/PRQ/PCLB01/003/00017,1875-05-18 – 1875-12-08,https://digitarq.arquivos.pt/fileViewer/a1696f1caae34d17a7e79bc8424b634e?isRepresentation=false,https://digitarq.arquivos.pt/documentDetails/a1696f1caae34d17a7e79bc8424b634e
Açores,clb01,Registos de óbitos,PT/ADGRD/PRQ/PCLB01/003/00018,1876-01-02 – 1876-11-21,https://digitarq.arquivos.pt/fileViewer/c119e0674e5b444d8c7845a6f810bfa4?isRepresentation=false,https://digitarq.arquivos.pt/documentDetails/c119e0674e5b444d8c7845a6f810bfa4
Açores,clb01,Registos de óbitos,PT/ADGRD/PRQ/PCLB01/003/00019,1877-01-18 – 1877-07-23,https://digitarq.arquivos.pt/fileViewer/d9a75a0fa1844ebf998935c210684762?isRepresentation=false,https://digitarq.arquivos.pt/documentDetails/d9a75a0fa1844ebf998935c210684762
Açores,clb01,Registos de óbitos,PT/ADGRD/PRQ/PCLB01/003/00020,1878-03-13 – 1878-12-09,https://digitarq.arquivos.pt/fileViewer/ecc4c7f6691f442a81a4bfddcbc2a318?isRepresentation=false,https://digitarq.arquivos.pt/documentDetails/ecc4c7f6691f442a81a4bfddcbc2a318
Açores,clb01,Registos de óbitos,PT/ADGRD/PRQ/PCLB01/003/00021,1879-01-29 – 1879-12-29,https://digitarq.arquivos.pt/fileViewer/05ca94e11fb44c84b8c8e28832381dbd?isRepresentation=false,https://digitarq.arquivos.pt/documentDetails/05ca94e11fb44c84b8c8e28832381dbd
Açores,clb01,Registos de óbitos,PT/ADGRD/PRQ/PCLB01/003/00022,1880-01-14 – 1880-12-26,https://digitarq.arquivos.pt/fileViewer/113835186ae54d5a821260c240befb05?isRepresentation=false,https://digitarq.arquivos.pt/documentDetails/113835186ae54d5a821260c240befb05
Açores,clb01,Registos de óbitos,PT/ADGRD/PRQ/PCLB01/003/00023,1881-03-13 – 1881-10-22,https://digitarq.arquivos.pt/fileViewer/1fcdbe723e4e4a2986ef46af817b4100?isRepresentation=false,https://digitarq.arquivos.pt/documentDetails/1fcdbe723e4e4a2986ef46af817b4100
Açores,clb01,Registos de óbitos,PT/ADGRD/PRQ/PCLB01/003/00024,1882-03-12 – 1882-08-13,https://digitarq.arquivos.pt/fileViewer/7b5fdef574c2410cbcdc1faab13dbb12?isRepresentation=false,https://digitarq.arquivos.pt/documentDetails/7b5fdef574c2410cbcdc1faab13dbb12
Açores,clb01,Registos de óbitos,PT/ADGRD/PRQ/PCLB01/003/00025,1883-01-10 – 1883-12-16,https://digitarq.arquivos.pt/fileViewer/9512f283829c49f599c0d027906eefaf?isRepresentation=false,https://digitarq.arquivos.pt/documentDetails/9512f283829c49f599c0d027906eefaf
Açores,clb01,Registos de óbitos,PT/ADGRD/PRQ/PCLB01/003/00026,1884-01-10 – 1884-12-15,https://digitarq.arquivos.pt/fileViewer/a4dd630924084ed5b7649791c87b2d13?isRepresentation=false,https://digitarq.arquivos.pt/documentDetails/a4dd630924084ed5b7649791c87b2d13
Açores,clb01,Registos de óbitos,PT/ADGRD/PRQ/PCLB01/003/00027,1885-01-29 – 1885-12-22,https://digitarq.arquivos.pt/fileViewer/6475e353b4a649eca53211e42990b492?isRepresentation=false,https://digitarq.arquivos.pt/documentDetails/6475e353b4a649eca53211e42990b492
Açores,clb01,Registos de óbitos,PT/ADGRD/PRQ/PCLB01/003/00028,1886-01-06 – 1886-11-26,https://digitarq.arquivos.pt/fileViewer/6135f7cae07f4fc8b0954bfc3f88b64a?isRepresentation=false,https://digitarq.arquivos.pt/documentDetails/6135f7cae07f4fc8b0954bfc3f88b64a
Açores,clb01,Registos de óbitos,PT/ADGRD/PRQ/PCLB01/003/00029,1887-01-31 – 1887-12-25,https://digitarq.arquivos.pt/fileViewer/ec8367e825ac4070bbda223d5a83ec1d?isRepresentation=false,https://digitarq.arquivos.pt/documentDetails/ec8367e825ac4070bbda223d5a83ec1d
Açores,clb01,Registos de óbitos,PT/ADGRD/PRQ/PCLB01/003/00030,1888-03-09 – 1888-12-22,https://digitarq.arquivos.pt/fileViewer/897115dfe2ee468bb9f50cf1180d0308?isRepresentation=false,https://digitarq.arquivos.pt/documentDetails/897115dfe2ee468bb9f50cf1180d0308
Açores,clb01,Registos de óbitos,PT/ADGRD/PRQ/PCLB01/003/00031,1889-02-13 – 1889-12-26,https://digitarq.arquivos.pt/fileViewer/6bd16624d1d84b628332238a58c6e1bc?isRepresentation=false,https://digitarq.arquivos.pt/documentDetails/6bd16624d1d84b628332238a58c6e1bc
Açores,clb01,Registos de óbitos,PT/ADGRD/PRQ/PCLB01/003/00032,1890-01-01 – 1890-10-24,https://digitarq.arquivos.pt/fileViewer/5ab1c218621d495eb437ff8d9e450bcb?isRepresentation=false,https://digitarq.arquivos.pt/documentDetails/5ab1c218621d495eb437ff8d9e450bcb
Açores,clb01,Registos de óbitos,PT/ADGRD/PRQ/PCLB01/003/00033,1891-02-09 – 1891-11-27,https://digitarq.arquivos.pt/fileViewer/8eeafa4159994f02b38aa3fc6f3f8935?isRepresentation=false,https://digitarq.arquivos.pt/documentDetails/8eeafa4159994f02b38aa3fc6f3f8935
Açores,clb01,Registos de óbitos,PT/ADGRD/PRQ/PCLB01/003/00034,1892-01-14 – 1892-12-10,https://digitarq.arquivos.pt/fileViewer/3454589ba0314a928e279c1e0919cf1b?isRepresentation=false,https://digitarq.arquivos.pt/documentDetails/3454589ba0314a928e279c1e0919cf1b
Açores,clb01,Registos de óbitos,PT/ADGRD/PRQ/PCLB01/003/00035,1893-01-25 – 1893-12-29,https://digitarq.arquivos.pt/fileViewer/3267a96628ad4fd299e32886497f837e?isRepresentation=false,https://digitarq.arquivos.pt/documentDetails/3267a96628ad4fd299e32886497f837e
Açores,clb01,Registos de óbitos,PT/ADGRD/PRQ/PCLB01/003/00036,1894-01-03 – 1894-12-16,https://digitarq.arquivos.pt/fileViewer/5174c1f35964498197c72accf70114e5?isRepresentation=false,https://digitarq.arquivos.pt/documentDetails/5174c1f35964498197c72accf70114e5
Açores,clb01,Registos de óbitos,PT/ADGRD/PRQ/PCLB01/003/00037,1895-01-02 – 1895-10-17,https://digitarq.arquivos.pt/fileViewer/4d9afc550b2946bfa6177139d5671d7f?isRepresentation=false,https://digitarq.arquivos.pt/documentDetails/4d9afc550b2946bfa6177139d5671d7f
Açores,clb01,Registos de óbitos,PT/ADGRD/PRQ/PCLB01/003/00038,1897-02-05 – 1897-12-22,https://digitarq.arquivos.pt/fileViewer/52a34f4dd26a4e2797832ecbb4163fbf?isRepresentation=false,https://digitarq.arquivos.pt/documentDetails/52a34f4dd26a4e2797832ecbb4163fbf
Açores,clb01,Registos de óbitos,PT/ADGRD/PRQ/PCLB01/003/00039,1898-01-21 – 1898-07-22,https://digitarq.arquivos.pt/fileViewer/a0626990281d48dda2a64a7bf7416ed9?isRepresentation=false,https://digitarq.arquivos.pt/documentDetails/a0626990281d48dda2a64a7bf7416ed9
Açores,clb01,Registos de óbitos,PT/ADGRD/PRQ/PCLB01/003/00040,1899-01-04 – 1899-12-19,https://digitarq.arquivos.pt/fileViewer/419fce2df5b2476ba49131ed893e2658?isRepresentation=false,https://digitarq.arquivos.pt/documentDetails/419fce2df5b2476ba49131ed893e2658
Açores,clb01,Registos de óbitos,PT/ADGRD/PRQ/PCLB01/003/00041,1900-01-14 – 1900-12-16,https://digitarq.arquivos.pt/fileViewer/5dbfaf6d4ad143ab8f742efd27f622f5?isRepresentation=false,https://digitarq.arquivos.pt/documentDetails/5dbfaf6d4ad143ab8f742efd27f622f5
Açores,clb01,Registos de óbitos,PT/ADGRD/PRQ/PCLB01/003/00042,1901-01-27 – 1901-10-14,https://digitarq.arquivos.pt/fileViewer/fdc96e3b43894d2f8e8bf11c9ba02c4c?isRepresentation=false,https://digitarq.arquivos.pt/documentDetails/fdc96e3b43894d2f8e8bf11c9ba02c4c
Açores,clb01,Registos de óbitos,PT/ADGRD/PRQ/PCLB01/003/00043,1902-01-27 – 1902-12-20,https://digitarq.arquivos.pt/fileViewer/4c0e3274872e487ea7c11d33eb4ea1b1?isRepresentation=false,https://digitarq.arquivos.pt/documentDetails/4c0e3274872e487ea7c11d33eb4ea1b1
Açores,clb01,Registos de óbitos,PT/ADGRD/PRQ/PCLB01/003/00044,1903-07-10 – 1903-11-05,https://digitarq.arquivos.pt/fileViewer/0373403f033648d18f045bee8a3731ed?isRepresentation=false,https://digitarq.arquivos.pt/documentDetails/0373403f033648d18f045bee8a3731ed
Açores,clb01,Registos de óbitos,PT/ADGRD/PRQ/PCLB01/003/00045,1904-01-15 – 1904-12-24,https://digitarq.arquivos.pt/fileViewer/bc6159256d37401988892c8c5a809b5c?isRepresentation=false,https://digitarq.arquivos.pt/documentDetails/bc6159256d37401988892c8c5a809b5c
Açores,clb01,Registos de óbitos,PT/ADGRD/PRQ/PCLB01/003/00046,1905-04-12 – 1905-12-27,https://digitarq.arquivos.pt/fileViewer/ae3665060cca4a27b3f0da820a95be3d?isRepresentation=false,https://digitarq.arquivos.pt/documentDetails/ae3665060cca4a27b3f0da820a95be3d
Açores,clb01,Registos de óbitos,PT/ADGRD/PRQ/PCLB01/003/00047,1906-01-26 – 1906-12-08,https://digitarq.arquivos.pt/fileViewer/2478100ed2134acc9874dcd5317f26e3?isRepresentation=false,https://digitarq.arquivos.pt/documentDetails/2478100ed2134acc9874dcd5317f26e3
Açores,clb01,Registos de óbitos,PT/ADGRD/PRQ/PCLB01/003/00048,1907-01-08 – 1907-12-18,https://digitarq.arquivos.pt/fileViewer/a5b86c7e8d1145ce8bd71e63a92b7b1e?isRepresentation=false,https://digitarq.arquivos.pt/documentDetails/a5b86c7e8d1145ce8bd71e63a92b7b1e
Açores,clb01,Registos de óbitos,PT/ADGRD/PRQ/PCLB01/003/00049,1908-02-18 – 1908-11-17,https://digitarq.arquivos.pt/fileViewer/ef922d35d5524033a02e12debe3621a2?isRepresentation=false,https://digitarq.arquivos.pt/documentDetails/ef922d35d5524033a02e12debe3621a2
Açores,clb01,Registos de óbitos,PT/ADGRD/PRQ/PCLB01/003/00050,1909-02-01 – 1909-10-31,https://digitarq.arquivos.pt/fileViewer/a6695286017349f2b64a5c8bc52611b3?isRepresentation=false,https://digitarq.arquivos.pt/documentDetails/a6695286017349f2b64a5c8bc52611b3
Açores,clb01,Registos de óbitos,PT/ADGRD/PRQ/PCLB01/003/00051,1910-03-01 – 1910-12-27,https://digitarq.arquivos.pt/fileViewer/2b39257e7805463490e8988d041fd4ae?isRepresentation=false,https://digitarq.arquivos.pt/documentDetails/2b39257e7805463490e8988d041fd4ae
Açores,clb01,Registos de óbitos,PT/ADGRD/PRQ/PCLB01/003/00052,1911-03-11 – 1911-03-18,https://digitarq.arquivos.pt/fileViewer/cd4ebd06c11d418ba553ba200b3f32bf?isRepresentation=false,https://digitarq.arquivos.pt/documentDetails/cd4ebd06c11d418ba553ba200b3f32bf
Açores,clb01,Registos de óbitos,"Após 1911, vigoram os livros do Registo Civil localizados a nível concelhio.",1911-04-01 –,/m/clb,
Aldeia da Serra,clb02,Registos de óbitos,PT/ADGRD/PRQ/PCLB02/003/00001,1809-12-25 – 1859-10-29,https://digitarq.arquivos.pt/fileViewer/6f06fc5cf2c74360a6d0473a1d70619a?isRepresentation=false,https://digitarq.arquivos.pt/documentDetails/6f06fc5cf2c74360a6d0473a1d70619a
Aldeia da Serra,clb02,Registos de óbitos,"Após 1911, vigoram os livros do Registo Civil localizados a nível concelhio.",1911-04-01 –,/m/clb,
Baraçal,clb03,Registos de óbitos,PT/TT/PRQ/PCLB03/003/O1,1766-01-01 – 1839-12-31,https://digitarq.arquivos.pt/fileViewer/2c7d2869191d4f98a031660925d7c144?isRepresentation=false,https://digitarq.arquivos.pt/documentDetails/2c7d2869191d4f98a031660925d7c144
Baraçal,clb03,Registos de óbitos,PT/ADGRD/PRQ/PCLB03/003/00001,1860-03-09 – 1867-10-22,https://digitarq.arquivos.pt/fileViewer/aae29adc6b0647b1af382c28ffec82c6?isRepresentation=false,https://digitarq.arquivos.pt/documentDetails/aae29adc6b0647b1af382c28ffec82c6
Baraçal,clb03,Registos de óbitos,PT/ADGRD/PRQ/PCLB03/003/00002,1868-06-26 – 1868-12-27,https://digitarq.arquivos.pt/fileViewer/dfa0517d40b54607b70cc8bbdc6fc046?isRepresentation=false,https://digitarq.arquivos.pt/documentDetails/dfa0517d40b54607b70cc8bbdc6fc046
Baraçal,clb03,Registos de óbitos,PT/ADGRD/PRQ/PCLB03/003/00003,1869-01-05 – 1869-12-30,https://digitarq.arquivos.pt/fileViewer/12e180f0afe7409a999de95ddddf2b66?isRepresentation=false,https://digitarq.arquivos.pt/documentDetails/12e180f0afe7409a999de95ddddf2b66
Baraçal,clb03,Registos de óbitos,PT/ADGRD/PRQ/PCLB03/003/00004,1870-02-25 – 1870-12-09,https://digitarq.arquivos.pt/fileViewer/4393a26473ca4e33984f0b4ddc778b56?isRepresentation=false,https://digitarq.arquivos.pt/documentDetails/4393a26473ca4e33984f0b4ddc778b56
Baraçal,clb03,Registos de óbitos,PT/ADGRD/PRQ/PCLB03/003/00005,1871-02-10 – 1871-12-17,https://digitarq.arquivos.pt/fileViewer/57f9432e9b8b4d64a207152a7ce52f79?isRepresentation=false,https://digitarq.arquivos.pt/documentDetails/57f9432e9b8b4d64a207152a7ce52f79
Baraçal,clb03,Registos de óbitos,PT/ADGRD/PRQ/PCLB03/003/00006,1872-05-15 – 1872-12-18,https://digitarq.arquivos.pt/fileViewer/6de12920db44413489f07a0fd2263766?isRepresentation=false,https://digitarq.arquivos.pt/documentDetails/6de12920db44413489f07a0fd2263766
Baraçal,clb03,Registos de óbitos,PT/ADGRD/PRQ/PCLB03/003/00007,1873-01-26 – 1873-12-29,https://digitarq.arquivos.pt/fileViewer/db47b8fe9c6c4fcbbb6711bd7ad7bb0d?isRepresentation=false,https://digitarq.arquivos.pt/documentDetails/db47b8fe9c6c4fcbbb6711bd7ad7bb0d
Baraçal,clb03,Registos de óbitos,PT/ADGRD/PRQ/PCLB03/003/00008,1874-01-05 – 1874-12-26,https://digitarq.arquivos.pt/fileViewer/331c8da0fdef455fa011563816f3844f?isRepresentation=false,https://digitarq.arquivos.pt/documentDetails/331c8da0fdef455fa011563816f3844f
Baraçal,clb03,Registos de óbitos,PT/ADGRD/PRQ/PCLB03/003/00009,1875-01-02 – 1875-10-04,https://digitarq.arquivos.pt/fileViewer/f13eca4adb36472495c8b9036fe921ed?isRepresentation=false,https://digitarq.arquivos.pt/documentDetails/f13eca4adb36472495c8b9036fe921ed
Baraçal,clb03,Registos de óbitos,PT/ADGRD/PRQ/PCLB03/003/00010,1876-01-18 – 1876-12-29,https://digitarq.arquivos.pt/fileViewer/5a1146156dfb4754ba543b2069be8f0f?isRepresentation=false,https://digitarq.arquivos.pt/documentDetails/5a1146156dfb4754ba543b2069be8f0f
Baraçal,clb03,Registos de óbitos,PT/ADGRD/PRQ/PCLB03/003/00011,1877-01-31 – 1877-12-03,https://digitarq.arquivos.pt/fileViewer/3a772158fd8b4108bae9a74a9fe4fd28?isRepresentation=false,https://digitarq.arquivos.pt/documentDetails/3a772158fd8b4108bae9a74a9fe4fd28
Baraçal,clb03,Registos de óbitos,PT/ADGRD/PRQ/PCLB03/003/00012,1878-03-13 – 1878-11-22,https://digitarq.arquivos.pt/fileViewer/5805138ece9545848d6243f1d8c8ab6a?isRepresentation=false,https://digitarq.arquivos.pt/documentDetails/5805138ece9545848d6243f1d8c8ab6a
Baraçal,clb03,Registos de óbitos,PT/ADGRD/PRQ/PCLB03/003/00013,1879-03-05 – 1879-12-30,https://digitarq.arquivos.pt/fileViewer/1f8792d3f7e8444abbd600ca0a7a072a?isRepresentation=false,https://digitarq.arquivos.pt/documentDetails/1f8792d3f7e8444abbd600ca0a7a072a
Baraçal,clb03,Registos de óbitos,PT/ADGRD/PRQ/PCLB03/003/00014,1880-01-03 – 1880-12-29,https://digitarq.arquivos.pt/fileViewer/1d2c9aad891142f28b5ed4f6f3d6356d?isRepresentation=false,https://digitarq.arquivos.pt/documentDetails/1d2c9aad891142f28b5ed4f6f3d6356d
Baraçal,clb03,Registos de óbitos,PT/ADGRD/PRQ/PCLB03/003/00015,1881-04-19 – 1881-10-21,https://digitarq.arquivos.pt/fileViewer/c4725e039d124ba5a1f57a558274d0f2?isRepresentation=false,https://digitarq.arquivos.pt/documentDetails/c4725e039d124ba5a1f57a558274d0f2
Baraçal,clb03,Registos de óbitos,PT/ADGRD/PRQ/PCLB03/003/00016,1882-01-05 – 1882-10-02,https://digitarq.arquivos.pt/fileViewer/e65f973685ca4a52a8620788c270dcc4?isRepresentation=false,https://digitarq.arquivos.pt/documentDetails/e65f973685ca4a52a8620788c270dcc4
Baraçal,clb03,Registos de óbitos,PT/ADGRD/PRQ/PCLB03/003/00017,1883-01-05 – 1883-12-25,https://digitarq.arquivos.pt/fileViewer/c1a355cbbced45df9c85e548f5728ede?isRepresentation=false,https://digitarq.arquivos.pt/documentDetails/c1a355cbbced45df9c85e548f5728ede
Baraçal,clb03,Registos de óbitos,PT/ADGRD/PRQ/PCLB03/003/00018,1884-08-17 – 1884-12-19,https://digitarq.arquivos.pt/fileViewer/da8283db4ac54c5f88a41a2a31edb7fe?isRepresentation=false,https://digitarq.arquivos.pt/documentDetails/da8283db4ac54c5f88a41a2a31edb7fe
Baraçal,clb03,Registos de óbitos,PT/ADGRD/PRQ/PCLB03/003/00019,1885-02-27 – 1885-12-09,https://digitarq.arquivos.pt/fileViewer/a462143b281f4049910d55d1d854b0ff?isRepresentation=false,https://digitarq.arquivos.pt/documentDetails/a462143b281f4049910d55d1d854b0ff
Baraçal,clb03,Registos de óbitos,PT/ADGRD/PRQ/PCLB03/003/00020,1886-01-05 – 1886-12-24,https://digitarq.arquivos.pt/fileViewer/c0dcc9721c084ba69f3061f8c7063cb8?isRepresentation=false,https://digitarq.arquivos.pt/documentDetails/c0dcc9721c084ba69f3061f8c7063cb8
Baraçal,clb03,Registos de óbitos,PT/ADGRD/PRQ/PCLB03/003/00021,1887-01-10 – 1887-12-20,https://digitarq.arquivos.pt/fileViewer/f0e25d850cce4a8b9e06381f364e6dd9?isRepresentation=false,https://digitarq.arquivos.pt/documentDetails/f0e25d850cce4a8b9e06381f364e6dd9
Baraçal,clb03,Registos de óbitos,PT/ADGRD/PRQ/PCLB03/003/00022,1888-02-07 – 1888-12-17,https://digitarq.arquivos.pt/fileViewer/0c25724f8d044d758fea0ff34e48ac98?isRepresentation=false,https://digitarq.arquivos.pt/documentDetails/0c25724f8d044d758fea0ff34e48ac98
Baraçal,clb03,Registos de óbitos,PT/ADGRD/PRQ/PCLB03/003/00023,1889-03-31 – 1889-12-28,https://digitarq.arquivos.pt/fileViewer/43920a55e09141258b386a146e6c0cbb?isRepresentation=false,https://digitarq.arquivos.pt/documentDetails/43920a55e09141258b386a146e6c0cbb
Baraçal,clb03,Registos de óbitos,PT/ADGRD/PRQ/PCLB03/003/00024,1890-01-30 – 1890-12-08,https://digitarq.arquivos.pt/fileViewer/74267ea3e39b48b19307e0e7f64e2287?isRepresentation=false,https://digitarq.arquivos.pt/documentDetails/74267ea3e39b48b19307e0e7f64e2287
Baraçal,clb03,Registos de óbitos,PT/ADGRD/PRQ/PCLB03/003/00025,1891-03-07 – 1891-12-31,https://digitarq.arquivos.pt/fileViewer/125d39c7fac74a9dbe45ca7c42792e59?isRepresentation=false,https://digitarq.arquivos.pt/documentDetails/125d39c7fac74a9dbe45ca7c42792e59
Baraçal,clb03,Registos de óbitos,PT/ADGRD/PRQ/PCLB03/003/00026,1892-01-19 – 1892-08-26,https://digitarq.arquivos.pt/fileViewer/0da6865d08e64d1bbe531d8e0f8e45a2?isRepresentation=false,https://digitarq.arquivos.pt/documentDetails/0da6865d08e64d1bbe531d8e0f8e45a2
Baraçal,clb03,Registos de óbitos,PT/ADGRD/PRQ/PCLB03/003/00027,1893-04-02 – 1893-12-10,https://digitarq.arquivos.pt/fileViewer/9cccb0309ac04aa2b86d3ae7469ad85f?isRepresentation=false,https://digitarq.arquivos.pt/documentDetails/9cccb0309ac04aa2b86d3ae7469ad85f
Baraçal,clb03,Registos de óbitos,PT/ADGRD/PRQ/PCLB03/003/00028,1894-03-04 – 1894-12-16,https://digitarq.arquivos.pt/fileViewer/ddbc7800b3ea47b8b7328f9cd4bbb68b?isRepresentation=false,https://digitarq.arquivos.pt/documentDetails/ddbc7800b3ea47b8b7328f9cd4bbb68b
Baraçal,clb03,Registos de óbitos,PT/ADGRD/PRQ/PCLB03/003/00029,1895-01-16 – 1895-12-19,https://digitarq.arquivos.pt/fileViewer/69167bcad6b04e56aa19f46202647a18?isRepresentation=false,https://digitarq.arquivos.pt/documentDetails/69167bcad6b04e56aa19f46202647a18
Baraçal,clb03,Registos de óbitos,PT/ADGRD/PRQ/PCLB03/003/00030,1896-01-19 – 1896-12-22,https://digitarq.arquivos.pt/fileViewer/f932a1d6c45a4548a7fdbd107fea184d?isRepresentation=false,https://digitarq.arquivos.pt/documentDetails/f932a1d6c45a4548a7fdbd107fea184d
Baraçal,clb03,Registos de óbitos,PT/ADGRD/PRQ/PCLB03/003/00031,1897-02-04 – 1897-10-23,https://digitarq.arquivos.pt/fileViewer/dacfe643a9ac45a68da584b7084efb4c?isRepresentation=false,https://digitarq.arquivos.pt/documentDetails/dacfe643a9ac45a68da584b7084efb4c
Baraçal,clb03,Registos de óbitos,PT/ADGRD/PRQ/PCLB03/003/00032,1898-02-06 – 1898-12-08,https://digitarq.arquivos.pt/fileViewer/f35f27b4a7e149fd934f0e3c9f35f61b?isRepresentation=false,https://digitarq.arquivos.pt/documentDetails/f35f27b4a7e149fd934f0e3c9f35f61b
Baraçal,clb03,Registos de óbitos,PT/ADGRD/PRQ/PCLB03/003/00033,1899-01-11 – 1899-12-17,https://digitarq.arquivos.pt/fileViewer/5813299d66954260af49f515995ee5ca?isRepresentation=false,https://digitarq.arquivos.pt/documentDetails/5813299d66954260af49f515995ee5ca
Baraçal,clb03,Registos de óbitos,PT/ADGRD/PRQ/PCLB03/003/00034,1900-01-04 – 1900-12-29,https://digitarq.arquivos.pt/fileViewer/2240cc29bbce41eb95be0fa7a06e38bc?isRepresentation=false,https://digitarq.arquivos.pt/documentDetails/2240cc29bbce41eb95be0fa7a06e38bc
Baraçal,clb03,Registos de óbitos,PT/ADGRD/PRQ/PCLB03/003/00035,1901-01-17 – 1901-12-29,https://digitarq.arquivos.pt/fileViewer/6e61e33f904a4ea19243dc798163f3af?isRepresentation=false,https://digitarq.arquivos.pt/documentDetails/6e61e33f904a4ea19243dc798163f3af
Baraçal,clb03,Registos de óbitos,PT/ADGRD/PRQ/PCLB03/003/00036,1902-04-11 – 1902-12-26,https://digitarq.arquivos.pt/fileViewer/c0166050d0e04603938778904d466692?isRepresentation=false,https://digitarq.arquivos.pt/documentDetails/c0166050d0e04603938778904d466692
Baraçal,clb03,Registos de óbitos,PT/ADGRD/PRQ/PCLB03/003/00037,1903-01-07 – 1903-12-29,https://digitarq.arquivos.pt/fileViewer/41698ef9531944b5bfa3f2f12508ef14?isRepresentation=false,https://digitarq.arquivos.pt/documentDetails/41698ef9531944b5bfa3f2f12508ef14
Baraçal,clb03,Registos de óbitos,PT/ADGRD/PRQ/PCLB03/003/00038,1904-02-10 – 1904-11-20,https://digitarq.arquivos.pt/fileViewer/00e7b7d980314b36b5e2cc1c5d18d0a0?isRepresentation=false,https://digitarq.arquivos.pt/documentDetails/00e7b7d980314b36b5e2cc1c5d18d0a0
Baraçal,clb03,Registos de óbitos,PT/ADGRD/PRQ/PCLB03/003/00039,1905-02-18 – 1905-12-09,https://digitarq.arquivos.pt/fileViewer/a6fcc6c98eb44286a3c1faba177c5997?isRepresentation=false,https://digitarq.arquivos.pt/documentDetails/a6fcc6c98eb44286a3c1faba177c5997
Baraçal,clb03,Registos de óbitos,PT/ADGRD/PRQ/PCLB03/003/00040,1906-02-12 – 1906-12-02,https://digitarq.arquivos.pt/fileViewer/dc7553fa4b0545189f283748687d708a?isRepresentation=false,https://digitarq.arquivos.pt/documentDetails/dc7553fa4b0545189f283748687d708a
Baraçal,clb03,Registos de óbitos,PT/ADGRD/PRQ/PCLB03/003/00041,1907-01-26 – 1907-12-14,https://digitarq.arquivos.pt/fileViewer/054c9e7351844a1e8df7cd79efd25188?isRepresentation=false,https://digitarq.arquivos.pt/documentDetails/054c9e7351844a1e8df7cd79efd25188
Baraçal,clb03,Registos de óbitos,PT/ADGRD/PRQ/PCLB03/003/00042,1908-01-08 – 1908-12-18,https://digitarq.arquivos.pt/fileViewer/49db4f4639b846d6a965d62b29151f72?isRepresentation=false,https://digitarq.arquivos.pt/documentDetails/49db4f4639b846d6a965d62b29151f72
Baraçal,clb03,Registos de óbitos,PT/ADGRD/PRQ/PCLB03/003/00043,1909-01-10 – 1909-11-22,https://digitarq.arquivos.pt/fileViewer/ac1ed0d2ee1c4bfbb284bf1cf032973f?isRepresentation=false,https://digitarq.arquivos.pt/documentDetails/ac1ed0d2ee1c4bfbb284bf1cf032973f
Baraçal,clb03,Registos de óbitos,PT/ADGRD/PRQ/PCLB03/003/00044,1910-01-24 – 1910-12-05,https://digitarq.arquivos.pt/fileViewer/6fc594b01b1946938159a6ef71abbd8d?isRepresentation=false,https://digitarq.arquivos.pt/documentDetails/6fc594b01b1946938159a6ef71abbd8d
Baraçal,clb03,Registos de óbitos,PT/ADGRD/PRQ/PCLB03/003/00045,1911-03-25 – 1911-03-25,https://digitarq.arquivos.pt/fileViewer/082dd7b6b30141e2997b88dbc1b35c50?isRepresentation=false,https://digitarq.arquivos.pt/documentDetails/082dd7b6b30141e2997b88dbc1b35c50
Baraçal,clb03,Registos de óbitos,"Após 1911, vigoram os livros do Registo Civil localizados a nível concelhio.",1911-04-01 –,/m/clb,
Cadafaz,clb04,Registos de óbitos,PT/TT/PRQ/PCLB04/003/O1,1799-01-01 – 1849-12-31,https://digitarq.arquivos.pt/fileViewer/2c4c1139fb974a9ea15449d378d8c288?isRepresentation=false,https://digitarq.arquivos.pt/documentDetails/2c4c1139fb974a9ea15449d378d8c288
Cadafaz,clb04,Registos de óbitos,PT/ADGRD/PRQ/PCLB04/003/00001,1849-07-29 – 1860-01-27,https://digitarq.arquivos.pt/fileViewer/17cf0ff7866f48d9b03b7299d73214f6?isRepresentation=false,https://digitarq.arquivos.pt/documentDetails/17cf0ff7866f48d9b03b7299d73214f6
Cadafaz,clb04,Registos de óbitos,PT/ADGRD/PRQ/PCLB04/003/00002,1860-03-17 – 1860-11-25,https://digitarq.arquivos.pt/fileViewer/fe9c2e156efc4228a6f1cc0c748ba014?isRepresentation=false,https://digitarq.arquivos.pt/documentDetails/fe9c2e156efc4228a6f1cc0c748ba014
Cadafaz,clb04,Registos de óbitos,PT/ADGRD/PRQ/PCLB04/003/00003,1861-04-20 – 1861-11-24,https://digitarq.arquivos.pt/fileViewer/42254b3d6ea9473090da9a8d135eb122?isRepresentation=false,https://digitarq.arquivos.pt/documentDetails/42254b3d6ea9473090da9a8d135eb122
Cadafaz,clb04,Registos de óbitos,PT/ADGRD/PRQ/PCLB04/003/00004,1862-01-02 – 1862-12-30,https://digitarq.arquivos.pt/fileViewer/fed3ce9fa86c4fc6b1df5fae0b2f5042?isRepresentation=false,https://digitarq.arquivos.pt/documentDetails/fed3ce9fa86c4fc6b1df5fae0b2f5042
Cadafaz,clb04,Registos de óbitos,PT/ADGRD/PRQ/PCLB04/003/00005,1863-02-08 – 1863-11-26,https://digitarq.arquivos.pt/fileViewer/030a1524fbac46888d83b97e5aad6b92?isRepresentation=false,https://digitarq.arquivos.pt/documentDetails/030a1524fbac46888d83b97e5aad6b92
Cadafaz,clb04,Registos de óbitos,PT/ADGRD/PRQ/PCLB04/003/00006,1864-02-11 – 1864-12-29,https://digitarq.arquivos.pt/fileViewer/e072ea69e3624d2da9ad978918f72aca?isRepresentation=false,https://digitarq.arquivos.pt/documentDetails/e072ea69e3624d2da9ad978918f72aca
Cadafaz,clb04,Registos de óbitos,PT/ADGRD/PRQ/PCLB04/003/00007,1865-03-09 – 1865-12-31,https://digitarq.arquivos.pt/fileViewer/fe9097aeda8146909f14304e53d85de8?isRepresentation=false,https://digitarq.arquivos.pt/documentDetails/fe9097aeda8146909f14304e53d85de8
Cadafaz,clb04,Registos de óbitos,PT/ADGRD/PRQ/PCLB04/003/00008,1866-01-10 – 1866-12-08,https://digitarq.arquivos.pt/fileViewer/b9c07dd1941f4634bac5d4f4a892023c?isRepresentation=false,https://digitarq.arquivos.pt/documentDetails/b9c07dd1941f4634bac5d4f4a892023c
Cadafaz,clb04,Registos de óbitos,PT/ADGRD/PRQ/PCLB04/003/00009,1867-01-03 – 1867-11-19,https://digitarq.arquivos.pt/fileViewer/4fa73cf7fee14feb9fc28b3e9c8569a2?isRepresentation=false,https://digitarq.arquivos.pt/documentDetails/4fa73cf7fee14feb9fc28b3e9c8569a2
Cadafaz,clb04,Registos de óbitos,PT/ADGRD/PRQ/PCLB04/003/00010,1868-01-15 – 1868-11-01,https://digitarq.arquivos.pt/fileViewer/cc6856cb77fa47509046e4fcea55eb33?isRepresentation=false,https://digitarq.arquivos.pt/documentDetails/cc6856cb77fa47509046e4fcea55eb33
Cadafaz,clb04,Registos de óbitos,PT/ADGRD/PRQ/PCLB04/003/00011,1869-03-08 – 1869-12-12,https://digitarq.arquivos.pt/fileViewer/31a2179cc2fb4bb2a4148fae44a0e9a6?isRepresentation=false,https://digitarq.arquivos.pt/documentDetails/31a2179cc2fb4bb2a4148fae44a0e9a6
Cadafaz,clb04,Registos de óbitos,PT/ADGRD/PRQ/PCLB04/003/00012,1870-01-18 – 1870-12-29,https://digitarq.arquivos.pt/fileViewer/4a27b58a016b4103a4b4567e27ae78e9?isRepresentation=false,https://digitarq.arquivos.pt/documentDetails/4a27b58a016b4103a4b4567e27ae78e9
Cadafaz,clb04,Registos de óbitos,PT/ADGRD/PRQ/PCLB04/003/00013,1871-02-01 – 1871-11-25,https://digitarq.arquivos.pt/fileViewer/460cb9aa16ff4bb395ee78e61c754ed1?isRepresentation=false,https://digitarq.arquivos.pt/documentDetails/460cb9aa16ff4bb395ee78e61c754ed1
Cadafaz,clb04,Registos de óbitos,PT/ADGRD/PRQ/PCLB04/003/00014,1872-05-13 – 1872-12-29,https://digitarq.arquivos.pt/fileViewer/1e7a1d0049c44b4bb8215c81f1e33a53?isRepresentation=false,https://digitarq.arquivos.pt/documentDetails/1e7a1d0049c44b4bb8215c81f1e33a53
Cadafaz,clb04,Registos de óbitos,PT/ADGRD/PRQ/PCLB04/003/00015,1873-01-06 – 1873-12-15,https://digitarq.arquivos.pt/fileViewer/ff695c702283459593bad48f17f8808e?isRepresentation=false,https://digitarq.arquivos.pt/documentDetails/ff695c702283459593bad48f17f8808e
Cadafaz,clb04,Registos de óbitos,PT/ADGRD/PRQ/PCLB04/003/00016,1874-01-10 – 1874-11-09,https://digitarq.arquivos.pt/fileViewer/2cf6588ad1564590a0088b02a061457f?isRepresentation=false,https://digitarq.arquivos.pt/documentDetails/2cf6588ad1564590a0088b02a061457f
Cadafaz,clb04,Registos de óbitos,PT/ADGRD/PRQ/PCLB04/003/00017,1875-01-10 – 1875-11-28,https://digitarq.arquivos.pt/fileViewer/8dcea220893c4562a9278db327f6752f?isRepresentation=false,https://digitarq.arquivos.pt/documentDetails/8dcea220893c4562a9278db327f6752f
Cadafaz,clb04,Registos de óbitos,PT/ADGRD/PRQ/PCLB04/003/00018,1876-07-14 – 1876-12-20,https://digitarq.arquivos.pt/fileViewer/c300d3793057431e9946945164c4e29d?isRepresentation=false,https://digitarq.arquivos.pt/documentDetails/c300d3793057431e9946945164c4e29d
Cadafaz,clb04,Registos de óbitos,PT/ADGRD/PRQ/PCLB04/003/00019,1877-03-23 – 1877-12-21,https://digitarq.arquivos.pt/fileViewer/992bad9438034f36b4f17b6c86d8a8e7?isRepresentation=false,https://digitarq.arquivos.pt/documentDetails/992bad9438034f36b4f17b6c86d8a8e7
Cadafaz,clb04,Registos de óbitos,PT/ADGRD/PRQ/PCLB04/003/00020,1878-01-05 – 1878-09-01,https://digitarq.arquivos.pt/fileViewer/26feb2777552410eba9d34017171be93?isRepresentation=false,https://digitarq.arquivos.pt/documentDetails/26feb2777552410eba9d34017171be93
Cadafaz,clb04,Registos de óbitos,PT/ADGRD/PRQ/PCLB04/003/00021,1879-02-09 – 1879-12-25,https://digitarq.arquivos.pt/fileViewer/5b93dd6506e14effbc1c36631b39807f?isRepresentation=false,https://digitarq.arquivos.pt/documentDetails/5b93dd6506e14effbc1c36631b39807f
Cadafaz,clb04,Registos de óbitos,PT/ADGRD/PRQ/PCLB04/003/00022,1880-01-03 – 1880-12-09,https://digitarq.arquivos.pt/fileViewer/75166ed670f64e8a81b1cd9bd54666f2?isRepresentation=false,https://digitarq.arquivos.pt/documentDetails/75166ed670f64e8a81b1cd9bd54666f2
Cadafaz,clb04,Registos de óbitos,PT/ADGRD/PRQ/PCLB04/003/00023,1881-01-10 – 1881-11-05,https://digitarq.arquivos.pt/fileViewer/e708152e2a15463bb465de4f502d89aa?isRepresentation=false,https://digitarq.arquivos.pt/documentDetails/e708152e2a15463bb465de4f502d89aa
Cadafaz,clb04,Registos de óbitos,PT/ADGRD/PRQ/PCLB04/003/00024,1882-05-16 – 1882-12-30,https://digitarq.arquivos.pt/fileViewer/3ec91e53e78043acac23bd5f9ae1bfdd?isRepresentation=false,https://digitarq.arquivos.pt/documentDetails/3ec91e53e78043acac23bd5f9ae1bfdd
Cadafaz,clb04,Registos de óbitos,PT/ADGRD/PRQ/PCLB04/003/00025,1883-01-23 – 1883-12-30,https://digitarq.arquivos.pt/fileViewer/ccd4cb6bee804e8d8042f0e7f41c3f8a?isRepresentation=false,https://digitarq.arquivos.pt/documentDetails/ccd4cb6bee804e8d8042f0e7f41c3f8a
Cadafaz,clb04,Registos de óbitos,PT/ADGRD/PRQ/PCLB04/003/00026,1884-02-25 – 1884-12-30,https://digitarq.arquivos.pt/fileViewer/c941469d7f5a41eaabcb636816b0d61f?isRepresentation=false,https://digitarq.arquivos.pt/documentDetails/c941469d7f5a41eaabcb636816b0d61f
Cadafaz,clb04,Registos de óbitos,PT/ADGRD/PRQ/PCLB04/003/00027,1885-01-14 – 1885-12-12,https://digitarq.arquivos.pt/fileViewer/bea2ab42f3a848be8ffd3c5c0ea05a99?isRepresentation=false,https://digitarq.arquivos.pt/documentDetails/bea2ab42f3a848be8ffd3c5c0ea05a99
Cadafaz,clb04,Registos de óbitos,PT/ADGRD/PRQ/PCLB04/003/00028,1887-01-14 – 1887-11-26,https://digitarq.arquivos.pt/fileViewer/d24e795f9f3e4c13914eac1c361f2830?isRepresentation=false,https://digitarq.arquivos.pt/documentDetails/d24e795f9f3e4c13914eac1c361f2830
Cadafaz,clb04,Registos de óbitos,PT/ADGRD/PRQ/PCLB04/003/00029,1888-02-08 – 1888-10-11,https://digitarq.arquivos.pt/fileViewer/b4c3d5055e274178bc22c82c03bde035?isRepresentation=false,https://digitarq.arquivos.pt/documentDetails/b4c3d5055e274178bc22c82c03bde035
Cadafaz,clb04,Registos de óbitos,PT/ADGRD/PRQ/PCLB04/003/00030,1889-01-19 – 1889-12-25,https://digitarq.arquivos.pt/fileViewer/487084a821ff4e3f8cc81e7289f3bcd0?isRepresentation=false,https://digitarq.arquivos.pt/documentDetails/487084a821ff4e3f8cc81e7289f3bcd0
Cadafaz,clb04,Registos de óbitos,PT/ADGRD/PRQ/PCLB04/003/00031,1890-05-05 – 1890-11-15,https://digitarq.arquivos.pt/fileViewer/10b39665fdef43e4882d482190af40db?isRepresentation=false,https://digitarq.arquivos.pt/documentDetails/10b39665fdef43e4882d482190af40db
Cadafaz,clb04,Registos de óbitos,PT/ADGRD/PRQ/PCLB04/003/00032,1891-04-05 – 1891-11-27,https://digitarq.arquivos.pt/fileViewer/34a0de6aa101444696ae5b0e2b7ac152?isRepresentation=false,https://digitarq.arquivos.pt/documentDetails/34a0de6aa101444696ae5b0e2b7ac152
Cadafaz,clb04,Registos de óbitos,PT/ADGRD/PRQ/PCLB04/003/00033,1892-01-02 – 1892-09-29,https://digitarq.arquivos.pt/fileViewer/9f921f03132b4b37b78dafc7a733e35d?isRepresentation=false,https://digitarq.arquivos.pt/documentDetails/9f921f03132b4b37b78dafc7a733e35d
Cadafaz,clb04,Registos de óbitos,PT/ADGRD/PRQ/PCLB04/003/00034,1893-03-14 – 1893-12-15,https://digitarq.arquivos.pt/fileViewer/4473b781887e4be1b767fe147d057cbf?isRepresentation=false,https://digitarq.arquivos.pt/documentDetails/4473b781887e4be1b767fe147d057cbf
Cadafaz,clb04,Registos de óbitos,PT/ADGRD/PRQ/PCLB04/003/00035,1894-02-12 – 1894-12-15,https://digitarq.arquivos.pt/fileViewer/493f336109e942598a2d19f962f6142a?isRepresentation=false,https://digitarq.arquivos.pt/documentDetails/493f336109e942598a2d19f962f6142a
Cadafaz,clb04,Registos de óbitos,PT/ADGRD/PRQ/PCLB04/003/00036,1895-01-08 – 1895-04-09,https://digitarq.arquivos.pt/fileViewer/dd8ffd694ad24d69a7d722bbb1deea91?isRepresentation=false,https://digitarq.arquivos.pt/documentDetails/dd8ffd694ad24d69a7d722bbb1deea91
Cadafaz,clb04,Registos de óbitos,PT/ADGRD/PRQ/PCLB04/003/00037,1896-01-04 – 1896-12-27,https://digitarq.arquivos.pt/fileViewer/fcbdcc35e00347479293291a54ca3737?isRepresentation=false,https://digitarq.arquivos.pt/documentDetails/fcbdcc35e00347479293291a54ca3737
Cadafaz,clb04,Registos de óbitos,PT/ADGRD/PRQ/PCLB04/003/00038,1897-01-03 – 1897-12-10,https://digitarq.arquivos.pt/fileViewer/e1302a4ec3cc41e4949a19071cfc1fa7?isRepresentation=false,https://digitarq.arquivos.pt/documentDetails/e1302a4ec3cc41e4949a19071cfc1fa7
Cadafaz,clb04,Registos de óbitos,PT/ADGRD/PRQ/PCLB04/003/00039,1898-01-25 – 1898-09-10,https://digitarq.arquivos.pt/fileViewer/eca41e54b0cd45ccb01069ff6ed39d26?isRepresentation=false,https://digitarq.arquivos.pt/documentDetails/eca41e54b0cd45ccb01069ff6ed39d26
Cadafaz,clb04,Registos de óbitos,PT/ADGRD/PRQ/PCLB04/003/00040,1899-01-13 – 1899-12-21,https://digitarq.arquivos.pt/fileViewer/626344bc8d334e4db7d77684b59b1fd8?isRepresentation=false,https://digitarq.arquivos.pt/documentDetails/626344bc8d334e4db7d77684b59b1fd8
Cadafaz,clb04,Registos de óbitos,PT/ADGRD/PRQ/PCLB04/003/00041,1900-01-11 – 1900-12-15,https://digitarq.arquivos.pt/fileViewer/990afd11f7974ec78bbbfaef2f2ef55b?isRepresentation=false,https://digitarq.arquivos.pt/documentDetails/990afd11f7974ec78bbbfaef2f2ef55b
Cadafaz,clb04,Registos de óbitos,PT/ADGRD/PRQ/PCLB04/003/00042,1901-01-16 – 1901-11-29,https://digitarq.arquivos.pt/fileViewer/d98caef6973b4f97a5f6770a90ff5065?isRepresentation=false,https://digitarq.arquivos.pt/documentDetails/d98caef6973b4f97a5f6770a90ff5065
Cadafaz,clb04,Registos de óbitos,PT/ADGRD/PRQ/PCLB04/003/00043,1902-01-12 – 1902-12-27,https://digitarq.arquivos.pt/fileViewer/f73878ab7cab4ea2ba605bbc81dfd6e8?isRepresentation=false,https://digitarq.arquivos.pt/documentDetails/f73878ab7cab4ea2ba605bbc81dfd6e8
Cadafaz,clb04,Registos de óbitos,PT/ADGRD/PRQ/PCLB04/003/00044,1903-05-15 – 1903-12-02,https://digitarq.arquivos.pt/fileViewer/7a36bd9b13d94865842966fa71efe2bf?isRepresentation=false,https://digitarq.arquivos.pt/documentDetails/7a36bd9b13d94865842966fa71efe2bf
Cadafaz,clb04,Registos de óbitos,PT/ADGRD/PRQ/PCLB04/003/00045,1904-03-23 – 1904-12-30,https://digitarq.arquivos.pt/fileViewer/e2dff2e2595f47bc93b325a43287efc5?isRepresentation=false,https://digitarq.arquivos.pt/documentDetails/e2dff2e2595f47bc93b325a43287efc5
Cadafaz,clb04,Registos de óbitos,PT/ADGRD/PRQ/PCLB04/003/00046,1905-01-22 – 1905-12-28,https://digitarq.arquivos.pt/fileViewer/da5aaad5f45b4990a2269d224d46d76e?isRepresentation=false,https://digitarq.arquivos.pt/documentDetails/da5aaad5f45b4990a2269d224d46d76e
Cadafaz,clb04,Registos de óbitos,PT/ADGRD/PRQ/PCLB04/003/00047,1906-01-04 – 1906-10-11,https://digitarq.arquivos.pt/fileViewer/da8a273702154859b44eb0b0511801fd?isRepresentation=false,https://digitarq.arquivos.pt/documentDetails/da8a273702154859b44eb0b0511801fd
Cadafaz,clb04,Registos de óbitos,PT/ADGRD/PRQ/PCLB04/003/00048,1907-02-09 – 1907-10-18,https://digitarq.arquivos.pt/fileViewer/8e43a19760274b5bb28d81a78faace86?isRepresentation=false,https://digitarq.arquivos.pt/documentDetails/8e43a19760274b5bb28d81a78faace86
Cadafaz,clb04,Registos de óbitos,PT/ADGRD/PRQ/PCLB04/003/00049,1908-01-23 – 1908-12-25,https://digitarq.arquivos.pt/fileViewer/3ab22c8dd9bc466cbf79a3e6f575b355?isRepresentation=false,https://digitarq.arquivos.pt/documentDetails/3ab22c8dd9bc466cbf79a3e6f575b355
Cadafaz,clb04,Registos de óbitos,PT/ADGRD/PRQ/PCLB04/003/00050,1909-01-06 – 1909-12-07,https://digitarq.arquivos.pt/fileViewer/a02fdaf237df460eb1a9ea952ddd0ea3?isRepresentation=false,https://digitarq.arquivos.pt/documentDetails/a02fdaf237df460eb1a9ea952ddd0ea3
Cadafaz,clb04,Registos de óbitos,PT/ADGRD/PRQ/PCLB04/003/00051,1910-01-13 – 1910-11-30,https://digitarq.arquivos.pt/fileViewer/c5488d9aa5be4746a5861b20f4a8f481?isRepresentation=false,https://digitarq.arquivos.pt/documentDetails/c5488d9aa5be4746a5861b20f4a8f481
Cadafaz,clb04,Registos de óbitos,"Após 1911, vigoram os livros do Registo Civil localizados a nível concelhio.",1911-04-01 –,/m/clb,
Carrapichana,clb05,Registos de óbitos,PT/TT/PRQ/PCLB05/003/O1,1721-01-01 – 1738-12-31,https://digitarq.arquivos.pt/fileViewer/5c1c12e56aba41338ab0f217e1a6689a?isRepresentation=false,https://digitarq.arquivos.pt/documentDetails/5c1c12e56aba41338ab0f217e1a6689a
Carrapichana,clb05,Registos de óbitos,PT/TT/PRQ/PCLB05/003/O2,1831-01-01 – 1859-12-31,https://digitarq.arquivos.pt/fileViewer/aec9284822854932ba8e9cff08219441?isRepresentation=false,https://digitarq.arquivos.pt/documentDetails/aec9284822854932ba8e9cff08219441
Carrapichana,clb05,Registos de óbitos,PT/ADGRD/PRQ/PCLB05/003/00001,1860-01-09 – 1867-12-18,https://digitarq.arquivos.pt/fileViewer/6ed6a88a9695450e8096481c8cbc0256?isRepresentation=false,https://digitarq.arquivos.pt/documentDetails/6ed6a88a9695450e8096481c8cbc0256
Carrapichana,clb05,Registos de óbitos,PT/ADGRD/PRQ/PCLB05/003/00002,1868-02-12 – 1874-06-07,https://digitarq.arquivos.pt/fileViewer/5ac6e4a684c54387968c9fad6f038e01?isRepresentation=false,https://digitarq.arquivos.pt/documentDetails/5ac6e4a684c54387968c9fad6f038e01
Carrapichana,clb05,Registos de óbitos,PT/ADGRD/PRQ/PCLB05/003/00004,1875-03-10 – 1876-12-30,https://digitarq.arquivos.pt/fileViewer/043fcf6dbfb64eb192dc4b45dd26626f?isRepresentation=false,https://digitarq.arquivos.pt/documentDetails/043fcf6dbfb64eb192dc4b45dd26626f
Carrapichana,clb05,Registos de óbitos,PT/ADGRD/PRQ/PCLB05/003/00003,1875-03-27 – 1875-12-13,https://digitarq.arquivos.pt/fileViewer/6f2070f03cc64930aa99ae6c2b6a1510?isRepresentation=false,https://digitarq.arquivos.pt/documentDetails/6f2070f03cc64930aa99ae6c2b6a1510
Carrapichana,clb05,Registos de óbitos,PT/ADGRD/PRQ/PCLB05/003/00005,1877-01-02 – 1877-06-10,https://digitarq.arquivos.pt/fileViewer/20f5af670e73409c85f650658f9fad3a?isRepresentation=false,https://digitarq.arquivos.pt/documentDetails/20f5af670e73409c85f650658f9fad3a
Carrapichana,clb05,Registos de óbitos,PT/ADGRD/PRQ/PCLB05/003/00006,1878-01-26 – 1878-12-08,https://digitarq.arquivos.pt/fileViewer/9762b35580c846bcb5791ef8892f63cb?isRepresentation=false,https://digitarq.arquivos.pt/documentDetails/9762b35580c846bcb5791ef8892f63cb
Carrapichana,clb05,Registos de óbitos,PT/ADGRD/PRQ/PCLB05/003/00007,1879-01-16 – 1879-11-10,https://digitarq.arquivos.pt/fileViewer/935543358c8d46be8ae6457feb7de2a8?isRepresentation=false,https://digitarq.arquivos.pt/documentDetails/935543358c8d46be8ae6457feb7de2a8
Carrapichana,clb05,Registos de óbitos,PT/ADGRD/PRQ/PCLB05/003/00008,1880-01-13 – 1880-11-11,https://digitarq.arquivos.pt/fileViewer/1823ea473e74469bb975a951e4171687?isRepresentation=false,https://digitarq.arquivos.pt/documentDetails/1823ea473e74469bb975a951e4171687
Carrapichana,clb05,Registos de óbitos,PT/ADGRD/PRQ/PCLB05/003/00009,1881-02-27 – 1881-12-08,https://digitarq.arquivos.pt/fileViewer/ef2ff016bf2945128d9500c40f277d9f?isRepresentation=false,https://digitarq.arquivos.pt/documentDetails/ef2ff016bf2945128d9500c40f277d9f
Carrapichana,clb05,Registos de óbitos,PT/ADGRD/PRQ/PCLB05/003/00010,1882-02-06 – 1882-10-08,https://digitarq.arquivos.pt/fileViewer/1bec532f58be45048e1842a98fa4bc78?isRepresentation=false,https://digitarq.arquivos.pt/documentDetails/1bec532f58be45048e1842a98fa4bc78
Carrapichana,clb05,Registos de óbitos,PT/ADGRD/PRQ/PCLB05/003/00011,1883-01-14 – 1883-12-15,https://digitarq.arquivos.pt/fileViewer/d02d1c89715740efa6b8dd176ac820c4?isRepresentation=false,https://digitarq.arquivos.pt/documentDetails/d02d1c89715740efa6b8dd176ac820c4
Carrapichana,clb05,Registos de óbitos,PT/ADGRD/PRQ/PCLB05/003/00012,1884-01-18 – 1884-12-29,https://digitarq.arquivos.pt/fileViewer/3173b5dfa4a446548ff4bb3c0d3e31bd?isRepresentation=false,https://digitarq.arquivos.pt/documentDetails/3173b5dfa4a446548ff4bb3c0d3e31bd
Carrapichana,clb05,Registos de óbitos,PT/ADGRD/PRQ/PCLB05/003/00013,1885-02-09 – 1885-12-30,https://digitarq.arquivos.pt/fileViewer/b3f9dafff8b742369b3560eb8bb0146d?isRepresentation=false,https://digitarq.arquivos.pt/documentDetails/b3f9dafff8b742369b3560eb8bb0146d
Carrapichana,clb05,Registos de óbitos,PT/ADGRD/PRQ/PCLB05/003/00014,1886-01-06 – 1886-12-03,https://digitarq.arquivos.pt/fileViewer/8b12b3122e584142a1379a976af61989?isRepresentation=false,https://digitarq.arquivos.pt/documentDetails/8b12b3122e584142a1379a976af61989
Carrapichana,clb05,Registos de óbitos,PT/ADGRD/PRQ/PCLB05/003/00015,1887-02-08 – 1887-12-23,https://digitarq.arquivos.pt/fileViewer/dfec6d544ef3472cacba673144c3be9d?isRepresentation=false,https://digitarq.arquivos.pt/documentDetails/dfec6d544ef3472cacba673144c3be9d
Carrapichana,clb05,Registos de óbitos,PT/ADGRD/PRQ/PCLB05/003/00016,1888-02-18 – 1888-12-24,https://digitarq.arquivos.pt/fileViewer/0491a7a33515421eac6e415dee46244d?isRepresentation=false,https://digitarq.arquivos.pt/documentDetails/0491a7a33515421eac6e415dee46244d
Carrapichana,clb05,Registos de óbitos,PT/ADGRD/PRQ/PCLB05/003/00017,1889-02-09 – 1889-12-07,https://digitarq.arquivos.pt/fileViewer/7e2991a2b9164e2db9fc9438c0150ec7?isRepresentation=false,https://digitarq.arquivos.pt/documentDetails/7e2991a2b9164e2db9fc9438c0150ec7
Carrapichana,clb05,Registos de óbitos,PT/ADGRD/PRQ/PCLB05/003/00018,1890-01-04 – 1890-12-11,https://digitarq.arquivos.pt/fileViewer/41dc4a7fb5554352903126f10b4f5297?isRepresentation=false,https://digitarq.arquivos.pt/documentDetails/41dc4a7fb5554352903126f10b4f5297
Carrapichana,clb05,Registos de óbitos,PT/ADGRD/PRQ/PCLB05/003/00019,1891-01-06 – 1891-11-13,https://digitarq.arquivos.pt/fileViewer/d184a09627384c21888e736097d52588?isRepresentation=false,https://digitarq.arquivos.pt/documentDetails/d184a09627384c21888e736097d52588
Carrapichana,clb05,Registos de óbitos,PT/ADGRD/PRQ/PCLB05/003/00020,1892-02-22 – 1892-08-13,https://digitarq.arquivos.pt/fileViewer/efe032be4b204f71a3821cc4844c01b4?isRepresentation=false,https://digitarq.arquivos.pt/documentDetails/efe032be4b204f71a3821cc4844c01b4
Carrapichana,clb05,Registos de óbitos,PT/ADGRD/PRQ/PCLB05/003/00021,1893-05-20 – 1893-12-25,https://digitarq.arquivos.pt/fileViewer/7885b2316e6045c5a984a78019d25666?isRepresentation=false,https://digitarq.arquivos.pt/documentDetails/7885b2316e6045c5a984a78019d25666
Carrapichana,clb05,Registos de óbitos,PT/ADGRD/PRQ/PCLB05/003/00022,1894-02-05 – 1894-10-20,https://digitarq.arquivos.pt/fileViewer/992fd44174c64869a73742b6a6de28a8?isRepresentation=false,https://digitarq.arquivos.pt/documentDetails/992fd44174c64869a73742b6a6de28a8
Carrapichana,clb05,Registos de óbitos,PT/ADGRD/PRQ/PCLB05/003/00023,1895-02-03 – 1895-11-30,https://digitarq.arquivos.pt/fileViewer/f1f3260838754e0cad8a4be0cd11defe?isRepresentation=false,https://digitarq.arquivos.pt/documentDetails/f1f3260838754e0cad8a4be0cd11defe
Carrapichana,clb05,Registos de óbitos,PT/ADGRD/PRQ/PCLB05/003/00024,1896-02-04 – 1896-12-03,https://digitarq.arquivos.pt/fileViewer/46aff36b10a34c769fc3dd4435c74dff?isRepresentation=false,https://digitarq.arquivos.pt/documentDetails/46aff36b10a34c769fc3dd4435c74dff
Carrapichana,clb05,Registos de óbitos,PT/ADGRD/PRQ/PCLB05/003/00025,1897-05-16 – 1897-12-24,https://digitarq.arquivos.pt/fileViewer/cb986361d148447aa9cb1ced313ff929?isRepresentation=false,https://digitarq.arquivos.pt/documentDetails/cb986361d148447aa9cb1ced313ff929
Carrapichana,clb05,Registos de óbitos,PT/ADGRD/PRQ/PCLB05/003/00026,1898-01-08 – 1898-12-20,https://digitarq.arquivos.pt/fileViewer/28c9722f47f4481198ed52203b606a5f?isRepresentation=false,https://digitarq.arquivos.pt/documentDetails/28c9722f47f4481198ed52203b606a5f
Carrapichana,clb05,Registos de óbitos,PT/ADGRD/PRQ/PCLB05/003/00027,1899-02-22 – 1899-11-23,https://digitarq.arquivos.pt/fileViewer/ccf446c9943b4926a1931cb38acf6d9d?isRepresentation=false,https://digitarq.arquivos.pt/documentDetails/ccf446c9943b4926a1931cb38acf6d9d
Carrapichana,clb05,Registos de óbitos,PT/ADGRD/PRQ/PCLB05/003/00028,1900-01-07 – 1900-12-05,https://digitarq.arquivos.pt/fileViewer/330b93b5c4584902946f03f2e70e78c4?isRepresentation=false,https://digitarq.arquivos.pt/documentDetails/330b93b5c4584902946f03f2e70e78c4
Carrapichana,clb05,Registos de óbitos,PT/ADGRD/PRQ/PCLB05/003/00029,1901-01-03 – 1901-12-25,https://digitarq.arquivos.pt/fileViewer/bd6ac891417d479b923e857af5ca8b32?isRepresentation=false,https://digitarq.arquivos.pt/documentDetails/bd6ac891417d479b923e857af5ca8b32
Carrapichana,clb05,Registos de óbitos,PT/ADGRD/PRQ/PCLB05/003/00030,1902-01-13 – 1902-11-06,https://digitarq.arquivos.pt/fileViewer/32f191ac6a264fe18a2be79a3ede4989?isRepresentation=false,https://digitarq.arquivos.pt/documentDetails/32f191ac6a264fe18a2be79a3ede4989
Carrapichana,clb05,Registos de óbitos,PT/ADGRD/PRQ/PCLB05/003/00031,1903-03-04 – 1903-10-29,https://digitarq.arquivos.pt/fileViewer/8b38dbbb0ec743d788dea359951ce2d5?isRepresentation=false,https://digitarq.arquivos.pt/documentDetails/8b38dbbb0ec743d788dea359951ce2d5
Carrapichana,clb05,Registos de óbitos,PT/ADGRD/PRQ/PCLB05/003/00032,1904-02-18 – 1904-12-04,https://digitarq.arquivos.pt/fileViewer/5bfd7c4cd1434b9a80336b836aaf7bd5?isRepresentation=false,https://digitarq.arquivos.pt/documentDetails/5bfd7c4cd1434b9a80336b836aaf7bd5
Carrapichana,clb05,Registos de óbitos,PT/ADGRD/PRQ/PCLB05/003/00033,1905-04-22 – 1905-12-07,https://digitarq.arquivos.pt/fileViewer/3e109bb1aad4465bbc7f528f774c1ddd?isRepresentation=false,https://digitarq.arquivos.pt/documentDetails/3e109bb1aad4465bbc7f528f774c1ddd
Carrapichana,clb05,Registos de óbitos,PT/ADGRD/PRQ/PCLB05/003/00034,1906-04-07 – 1906-11-18,https://digitarq.arquivos.pt/fileViewer/42b9025f8f314dc2bcd6b454522681ec?isRepresentation=false,https://digitarq.arquivos.pt/documentDetails/42b9025f8f314dc2bcd6b454522681ec
Carrapichana,clb05,Registos de óbitos,PT/ADGRD/PRQ/PCLB05/003/00035,1907-01-11 – 1907-11-11,https://digitarq.arquivos.pt/fileViewer/245ec3191a674517b3a3511d93b7acae?isRepresentation=false,https://digitarq.arquivos.pt/documentDetails/245ec3191a674517b3a3511d93b7acae
Carrapichana,clb05,Registos de óbitos,PT/ADGRD/PRQ/PCLB05/003/00036,1908-06-23 – 1908-11-15,https://digitarq.arquivos.pt/fileViewer/7172730d7136431b8589e9530acda472?isRepresentation=false,https://digitarq.arquivos.pt/documentDetails/7172730d7136431b8589e9530acda472
Carrapichana,clb05,Registos de óbitos,PT/ADGRD/PRQ/PCLB05/003/00037,1909-02-16 – 1909-12-13,https://digitarq.arquivos.pt/fileViewer/19a8ead3119d40aeadef422974e15e43?isRepresentation=false,https://digitarq.arquivos.pt/documentDetails/19a8ead3119d40aeadef422974e15e43
Carrapichana,clb05,Registos de óbitos,PT/ADGRD/PRQ/PCLB05/003/00038,1910-01-25 – 1910-12-28,https://digitarq.arquivos.pt/fileViewer/a90bfaa38d9c4a6caeb28b879beeae36?isRepresentation=false,https://digitarq.arquivos.pt/documentDetails/a90bfaa38d9c4a6caeb28b879beeae36
Carrapichana,clb05,Registos de óbitos,PT/ADGRD/PRQ/PCLB05/003/00039,1911-01-21 – 1911-03-18,https://digitarq.arquivos.pt/fileViewer/0787b0bd275b421d81ce567b4b27b71a?isRepresentation=false,https://digitarq.arquivos.pt/documentDetails/0787b0bd275b421d81ce567b4b27b71a
Carrapichana,clb05,Registos de óbitos,"Após 1911, vigoram os livros do Registo Civil localizados a nível concelhio.",1911-04-01 –,/m/clb,
Casas do Rio,clb06,Registos de óbitos,PT/TT/PRQ/PCLB06/003/O1,1821-01-01 – 1859-12-31,https://digitarq.arquivos.pt/fileViewer/a69889952ece45abb60a77f5097319d4?isRepresentation=false,https://digitarq.arquivos.pt/documentDetails/a69889952ece45abb60a77f5097319d4
Casas do Rio,clb06,Registos de óbitos,"Após 1911, vigoram os livros do Registo Civil localizados a nível concelhio.",1911-04-01 –,/m/clb,
Celorico (Santa Maria),clb19,Registos de óbitos,PT/TT/PRQ/PCLB19/003/O1,1711-01-01 – 1748-12-31,https://digitarq.arquivos.pt/fileViewer/a3f848e7840246019b2681c7d5284ae3?isRepresentation=false,https://digitarq.arquivos.pt/documentDetails/a3f848e7840246019b2681c7d5284ae3
Celorico (Santa Maria),clb19,Registos de óbitos,PT/TT/PRQ/PCLB19/003/O2,1748-01-01 – 1762-12-31,https://digitarq.arquivos.pt/fileViewer/6f6b9b9b10e5440c89a5265bec0943f1?isRepresentation=false,https://digitarq.arquivos.pt/documentDetails/6f6b9b9b10e5440c89a5265bec0943f1
Celorico (Santa Maria),clb19,Registos de óbitos,PT/TT/PRQ/PCLB19/003/O3,1772-01-01 – 1810-12-31,https://digitarq.arquivos.pt/fileViewer/57bb45ab9afc45a7b6cb0dda1f59b6b3?isRepresentation=false,https://digitarq.arquivos.pt/documentDetails/57bb45ab9afc45a7b6cb0dda1f59b6b3
Celorico (Santa Maria),clb19,Registos de óbitos,PT/TT/PRQ/PCLB19/003/O4,1811-01-01 – 1854-12-31,https://digitarq.arquivos.pt/fileViewer/9e0bc08dee404a9caf0c4a03646a0650?isRepresentation=false,https://digitarq.arquivos.pt/documentDetails/9e0bc08dee404a9caf0c4a03646a0650
Celorico (Santa Maria),clb19,Registos de óbitos,PT/ADGRD/PRQ/PCLB19/003/00001,1854-05-15 – 1859-12-29,https://digitarq.arquivos.pt/fileViewer/1723f8354ea749198baaf5702f3579ca?isRepresentation=false,https://digitarq.arquivos.pt/documentDetails/1723f8354ea749198baaf5702f3579ca
Celorico (Santa Maria),clb19,Registos de óbitos,PT/ADGRD/PRQ/PCLB19/003/00002,1860-01-03 – 1860-12-05,https://digitarq.arquivos.pt/fileViewer/352928cd15ec47a3a8bd31c8ccfd1565?isRepresentation=false,https://digitarq.arquivos.pt/documentDetails/352928cd15ec47a3a8bd31c8ccfd1565
Celorico (Santa Maria),clb19,Registos de óbitos,PT/ADGRD/PRQ/PCLB19/003/00003,1861-01-03 – 1861-12-15,https://digitarq.arquivos.pt/fileViewer/6ff22ba2819c43e187d72e90c1355fe8?isRepresentation=false,https://digitarq.arquivos.pt/documentDetails/6ff22ba2819c43e187d72e90c1355fe8
Celorico (Santa Maria),clb19,Registos de óbitos,PT/ADGRD/PRQ/PCLB19/003/00004,1862-01-05 – 1862-12-26,https://digitarq.arquivos.pt/fileViewer/8b116715ad1f45f3b169e4c116e2affe?isRepresentation=false,https://digitarq.arquivos.pt/documentDetails/8b116715ad1f45f3b169e4c116e2affe
Celorico (Santa Maria),clb19,Registos de óbitos,PT/ADGRD/PRQ/PCLB19/003/00005,1863-01-08 – 1863-12-20,https://digitarq.arquivos.pt/fileViewer/610913159eaf4524bf6a92efcced3fab?isRepresentation=false,https://digitarq.arquivos.pt/documentDetails/610913159eaf4524bf6a92efcced3fab
Celorico (Santa Maria),clb19,Registos de óbitos,PT/ADGRD/PRQ/PCLB19/003/00006,1864-01-01 – 1864-12-31,https://digitarq.arquivos.pt/fileViewer/fa71196144244f408f1c5a5d4b238e7d?isRepresentation=false,https://digitarq.arquivos.pt/documentDetails/fa71196144244f408f1c5a5d4b238e7d
Celorico (Santa Maria),clb19,Registos de óbitos,PT/ADGRD/PRQ/PCLB19/003/00007,1865-01-02 – 1865-12-23,https://digitarq.arquivos.pt/fileViewer/6a4eef44c9034e4aa8083a28bfc7a5e5?isRepresentation=false,https://digitarq.arquivos.pt/documentDetails/6a4eef44c9034e4aa8083a28bfc7a5e5
Celorico (Santa Maria),clb19,Registos de óbitos,PT/ADGRD/PRQ/PCLB19/003/00008,1866-01-01 – 1866-12-22,https://digitarq.arquivos.pt/fileViewer/99c88c34d9fd48f19fcb9f958e247bf3?isRepresentation=false,https://digitarq.arquivos.pt/documentDetails/99c88c34d9fd48f19fcb9f958e247bf3
Celorico (Santa Maria),clb19,Registos de óbitos,PT/ADGRD/PRQ/PCLB19/003/00009,1867-01-05 – 1867-12-31,https://digitarq.arquivos.pt/fileViewer/3e00f5ac82114ef4b6a94cbdf55f546f?isRepresentation=false,https://digitarq.arquivos.pt/documentDetails/3e00f5ac82114ef4b6a94cbdf55f546f
Celorico (Santa Maria),clb19,Registos de óbitos,PT/ADGRD/PRQ/PCLB19/003/00010,1868-03-08 – 1868-12-28,https://digitarq.arquivos.pt/fileViewer/313e5e837b53468fa79a31ffdc7e1c95?isRepresentation=false,https://digitarq.arquivos.pt/documentDetails/313e5e837b53468fa79a31ffdc7e1c95
Celorico (Santa Maria),clb19,Registos de óbitos,PT/ADGRD/PRQ/PCLB19/003/00011,1869-01-02 – 1869-12-30,https://digitarq.arquivos.pt/fileViewer/0f94bf9d265d4806bf77e0a52c886749?isRepresentation=false,https://digitarq.arquivos.pt/documentDetails/0f94bf9d265d4806bf77e0a52c886749
Celorico (Santa Maria),clb19,Registos de óbitos,PT/ADGRD/PRQ/PCLB19/003/00012,1870-01-07 – 1870-12-31,https://digitarq.arquivos.pt/fileViewer/8e38e7b4e3f44f828893d975f6a648a6?isRepresentation=false,https://digitarq.arquivos.pt/documentDetails/8e38e7b4e3f44f828893d975f6a648a6
Celorico (Santa Maria),clb19,Registos de óbitos,PT/ADGRD/PRQ/PCLB19/003/00013,1871-01-04 – 1871-12-30,https://digitarq.arquivos.pt/fileViewer/176d3daf4c6745e18d0c2f2bd2b83edb?isRepresentation=false,https://digitarq.arquivos.pt/documentDetails/176d3daf4c6745e18d0c2f2bd2b83edb
Celorico (Santa Maria),clb19,Registos de óbitos,PT/ADGRD/PRQ/PCLB19/003/00014,1872-01-11 – 1872-12-13,https://digitarq.arquivos.pt/fileViewer/5911b20a0d074ca08095b9daec8ac998?isRepresentation=false,https://digitarq.arquivos.pt/documentDetails/5911b20a0d074ca08095b9daec8ac998
Celorico (Santa Maria),clb19,Registos de óbitos,PT/ADGRD/PRQ/PCLB19/003/00015,1873-01-11 – 1873-11-29,https://digitarq.arquivos.pt/fileViewer/16bbfda68f6648b4b804c092c031750b?isRepresentation=false,https://digitarq.arquivos.pt/documentDetails/16bbfda68f6648b4b804c092c031750b
Celorico (Santa Maria),clb19,Registos de óbitos,PT/ADGRD/PRQ/PCLB19/003/00016,1874-01-05 – 1874-10-11,https://digitarq.arquivos.pt/fileViewer/be374bee303344e69be0973946912c39?isRepresentation=false,https://digitarq.arquivos.pt/documentDetails/be374bee303344e69be0973946912c39
Celorico (Santa Maria),clb19,Registos de óbitos,PT/ADGRD/PRQ/PCLB19/003/00017,1875-02-03 – 1875-12-25,https://digitarq.arquivos.pt/fileViewer/703ad0c74998410f8f38cbb5ccf2d1a9?isRepresentation=false,https://digitarq.arquivos.pt/documentDetails/703ad0c74998410f8f38cbb5ccf2d1a9
Celorico (Santa Maria),clb19,Registos de óbitos,PT/ADGRD/PRQ/PCLB19/003/00018,1876-01-12 – 1876-12-30,https://digitarq.arquivos.pt/fileViewer/6c9c0d6b5a2d4cbf9eb61971a8935e55?isRepresentation=false,https://digitarq.arquivos.pt/documentDetails/6c9c0d6b5a2d4cbf9eb61971a8935e55
Celorico (Santa Maria),clb19,Registos de óbitos,PT/ADGRD/PRQ/PCLB19/003/00019,1877-01-16 – 1877-12-30,https://digitarq.arquivos.pt/fileViewer/f97c5bb03bd348beb5d2203c166e8fe3?isRepresentation=false,https://digitarq.arquivos.pt/documentDetails/f97c5bb03bd348beb5d2203c166e8fe3
Celorico (Santa Maria),clb19,Registos de óbitos,PT/ADGRD/PRQ/PCLB19/003/00020,1878-01-07 – 1878-12-23,https://digitarq.arquivos.pt/fileViewer/3196dca171b24c8c840f9f11c870e2dd?isRepresentation=false,https://digitarq.arquivos.pt/documentDetails/3196dca171b24c8c840f9f11c870e2dd
Celorico (Santa Maria),clb19,Registos de óbitos,PT/ADGRD/PRQ/PCLB19/003/00021,1879-01-15 – 1879-12-31,https://digitarq.arquivos.pt/fileViewer/8b7ad037fbc94d239e86f85474cd289f?isRepresentation=false,https://digitarq.arquivos.pt/documentDetails/8b7ad037fbc94d239e86f85474cd289f
Celorico (Santa Maria),clb19,Registos de óbitos,PT/ADGRD/PRQ/PCLB19/003/00022,1880-01-03 – 1880-12-17,https://digitarq.arquivos.pt/fileViewer/76c53565438443cf876c7f0966644f8c?isRepresentation=false,https://digitarq.arquivos.pt/documentDetails/76c53565438443cf876c7f0966644f8c
Celorico (Santa Maria),clb19,Registos de óbitos,PT/ADGRD/PRQ/PCLB19/003/00023,1881-01-04 – 1881-12-29,https://digitarq.arquivos.pt/fileViewer/6487cd17b9d04a0484b11078db640ee9?isRepresentation=false,https://digitarq.arquivos.pt/documentDetails/6487cd17b9d04a0484b11078db640ee9
Celorico (Santa Maria),clb19,Registos de óbitos,PT/ADGRD/PRQ/PCLB19/003/00024,1882-01-03 – 1882-12-15,https://digitarq.arquivos.pt/fileViewer/1c09984268504137b00f91ae8170c02f?isRepresentation=false,https://digitarq.arquivos.pt/documentDetails/1c09984268504137b00f91ae8170c02f
Celorico (Santa Maria),clb19,Registos de óbitos,PT/ADGRD/PRQ/PCLB19/003/00025,1883-02-28 – 1883-12-26,https://digitarq.arquivos.pt/fileViewer/1d5b3363be4a4667b295d67f2329bad5?isRepresentation=false,https://digitarq.arquivos.pt/documentDetails/1d5b3363be4a4667b295d67f2329bad5
Celorico (Santa Maria),clb19,Registos de óbitos,PT/ADGRD/PRQ/PCLB19/003/00026,1884-01-02 – 1884-10-12,https://digitarq.arquivos.pt/fileViewer/15de505b32eb44de9db153077b048582?isRepresentation=false,https://digitarq.arquivos.pt/documentDetails/15de505b32eb44de9db153077b048582
Celorico (Santa Maria),clb19,Registos de óbitos,PT/ADGRD/PRQ/PCLB19/003/00027,1885-01-04 – 1885-12-22,https://digitarq.arquivos.pt/fileViewer/5bc5b6554ea842aa8968c596afac5f3a?isRepresentation=false,https://digitarq.arquivos.pt/documentDetails/5bc5b6554ea842aa8968c596afac5f3a
Celorico (Santa Maria),clb19,Registos de óbitos,PT/ADGRD/PRQ/PCLB19/003/00028,1886-01-29 – 1886-12-16,https://digitarq.arquivos.pt/fileViewer/b93990156ec64e2e817e3d2ef57d9d05?isRepresentation=false,https://digitarq.arquivos.pt/documentDetails/b93990156ec64e2e817e3d2ef57d9d05
Celorico (Santa Maria),clb19,Registos de óbitos,PT/ADGRD/PRQ/PCLB19/003/00029,1887-01-02 – 1887-12-27,https://digitarq.arquivos.pt/fileViewer/8ebd1c74d16d4c88a7c46bcf632895de?isRepresentation=false,https://digitarq.arquivos.pt/documentDetails/8ebd1c74d16d4c88a7c46bcf632895de
Celorico (Santa Maria),clb19,Registos de óbitos,PT/ADGRD/PRQ/PCLB19/003/00030,1888-01-02 – 1888-12-15,https://digitarq.arquivos.pt/fileViewer/30ae4c5fe05945a592e50bda6ce74e0b?isRepresentation=false,https://digitarq.arquivos.pt/documentDetails/30ae4c5fe05945a592e50bda6ce74e0b
Celorico (Santa Maria),clb19,Registos de óbitos,PT/ADGRD/PRQ/PCLB19/003/00031,1889-01-14 – 1889-12-20,https://digitarq.arquivos.pt/fileViewer/c3a66616d55c4d3190b07b8c69607e5f?isRepresentation=false,https://digitarq.arquivos.pt/documentDetails/c3a66616d55c4d3190b07b8c69607e5f
Celorico (Santa Maria),clb19,Registos de óbitos,PT/ADGRD/PRQ/PCLB19/003/00032,1890-01-03 – 1890-12-30,https://digitarq.arquivos.pt/fileViewer/eb6056f2ba3d4c0fafeae39b331de2f7?isRepresentation=false,https://digitarq.arquivos.pt/documentDetails/eb6056f2ba3d4c0fafeae39b331de2f7
Celorico (Santa Maria),clb19,Registos de óbitos,PT/ADGRD/PRQ/PCLB19/003/00033,1891-01-04 – 1891-12-30,https://digitarq.arquivos.pt/fileViewer/1f005d258b714c4991271ea796b38830?isRepresentation=false,https://digitarq.arquivos.pt/documentDetails/1f005d258b714c4991271ea796b38830
Celorico (Santa Maria),clb19,Registos de óbitos,PT/ADGRD/PRQ/PCLB19/003/00034,1892-01-31 – 1892-12-18,https://digitarq.arquivos.pt/fileViewer/89392effb3034fb39d2eecd52899fc1e?isRepresentation=false,https://digitarq.arquivos.pt/documentDetails/89392effb3034fb39d2eecd52899fc1e
Celorico (Santa Maria),clb19,Registos de óbitos,PT/ADGRD/PRQ/PCLB19/003/00035,1893-01-17 – 1893-12-30,https://digitarq.arquivos.pt/fileViewer/7dffed892d8f43f692a523d6afaf7338?isRepresentation=false,https://digitarq.arquivos.pt/documentDetails/7dffed892d8f43f692a523d6afaf7338
Celorico (Santa Maria),clb19,Registos de óbitos,PT/ADGRD/PRQ/PCLB19/003/00036,1894-01-05 – 1894-12-30,https://digitarq.arquivos.pt/fileViewer/8b567b4a975449bfb28d9eefe82720ce?isRepresentation=false,https://digitarq.arquivos.pt/documentDetails/8b567b4a975449bfb28d9eefe82720ce
Celorico (Santa Maria),clb19,Registos de óbitos,PT/ADGRD/PRQ/PCLB19/003/00037,1895-01-03 – 1895-12-31,https://digitarq.arquivos.pt/fileViewer/7706b047b184465b856271ac4d72f1d7?isRepresentation=false,https://digitarq.arquivos.pt/documentDetails/7706b047b184465b856271ac4d72f1d7
Celorico (Santa Maria),clb19,Registos de óbitos,PT/ADGRD/PRQ/PCLB19/003/00038,1896-01-05 – 1896-12-22,https://digitarq.arquivos.pt/fileViewer/ae6804757dc942328cbf70e5d15a3c99?isRepresentation=false,https://digitarq.arquivos.pt/documentDetails/ae6804757dc942328cbf70e5d15a3c99
Celorico (Santa Maria),clb19,Registos de óbitos,PT/ADGRD/PRQ/PCLB19/003/00039,1897-01-30 – 1897-12-28,https://digitarq.arquivos.pt/fileViewer/5ab8e4083fee4fc0ab0412ca6c39e8a2?isRepresentation=false,https://digitarq.arquivos.pt/documentDetails/5ab8e4083fee4fc0ab0412ca6c39e8a2
Celorico (Santa Maria),clb19,Registos de óbitos,PT/ADGRD/PRQ/PCLB19/003/00040,1898-01-14 – 1898-12-29,https://digitarq.arquivos.pt/fileViewer/e898d0b67c1a4f158f893164da102748?isRepresentation=false,https://digitarq.arquivos.pt/documentDetails/e898d0b67c1a4f158f893164da102748
Celorico (Santa Maria),clb19,Registos de óbitos,PT/ADGRD/PRQ/PCLB19/003/00041,1899-01-14 – 1899-12-25,https://digitarq.arquivos.pt/fileViewer/695af4130c55458b8753f3d8559314da?isRepresentation=false,https://digitarq.arquivos.pt/documentDetails/695af4130c55458b8753f3d8559314da
Celorico (Santa Maria),clb19,Registos de óbitos,PT/ADGRD/PRQ/PCLB19/003/00042,1900-01-14 – 1900-12-31,https://digitarq.arquivos.pt/fileViewer/4b44faf072004ce0a05e6e61ac9ac442?isRepresentation=false,https://digitarq.arquivos.pt/documentDetails/4b44faf072004ce0a05e6e61ac9ac442
Celorico (Santa Maria),clb19,Registos de óbitos,PT/ADGRD/PRQ/PCLB19/003/00043,1901-01-02 – 1901-11-29,https://digitarq.arquivos.pt/fileViewer/97bbbd5eb11b4f4cad3ca7d29a65734c?isRepresentation=false,https://digitarq.arquivos.pt/documentDetails/97bbbd5eb11b4f4cad3ca7d29a65734c
Celorico (Santa Maria),clb19,Registos de óbitos,PT/ADGRD/PRQ/PCLB19/003/00044,1902-01-16 – 1902-12-08,https://digitarq.arquivos.pt/fileViewer/b05c1845134f4fc5b5d89062404a29f9?isRepresentation=false,https://digitarq.arquivos.pt/documentDetails/b05c1845134f4fc5b5d89062404a29f9
Celorico (Santa Maria),clb19,Registos de óbitos,PT/ADGRD/PRQ/PCLB19/003/00045,1903-01-12 – 1903-12-23,https://digitarq.arquivos.pt/fileViewer/1fac5cc6c8a447a294f851648740f4be?isRepresentation=false,https://digitarq.arquivos.pt/documentDetails/1fac5cc6c8a447a294f851648740f4be
Celorico (Santa Maria),clb19,Registos de óbitos,PT/ADGRD/PRQ/PCLB19/003/00046,1904-01-12 – 1904-12-29,https://digitarq.arquivos.pt/fileViewer/c6642d361f034be485203b05b56ee16d?isRepresentation=false,https://digitarq.arquivos.pt/documentDetails/c6642d361f034be485203b05b56ee16d
Celorico (Santa Maria),clb19,Registos de óbitos,PT/ADGRD/PRQ/PCLB19/003/00047,1905-01-09 – 1905-12-30,https://digitarq.arquivos.pt/fileViewer/352dde134c664ce9a53e6d3d0c6323a0?isRepresentation=false,https://digitarq.arquivos.pt/documentDetails/352dde134c664ce9a53e6d3d0c6323a0
Celorico (Santa Maria),clb19,Registos de óbitos,PT/ADGRD/PRQ/PCLB19/003/00048,1906-01-03 – 1906-12-31,https://digitarq.arquivos.pt/fileViewer/76aa7753808d421cbc63bcccc3f9d8ea?isRepresentation=false,https://digitarq.arquivos.pt/documentDetails/76aa7753808d421cbc63bcccc3f9d8ea
Celorico (Santa Maria),clb19,Registos de óbitos,PT/ADGRD/PRQ/PCLB19/003/00049,1907-01-06 – 1907-12-28,https://digitarq.arquivos.pt/fileViewer/960ea9445c384e988cd54511a7275095?isRepresentation=false,https://digitarq.arquivos.pt/documentDetails/960ea9445c384e988cd54511a7275095
Celorico (Santa Maria),clb19,Registos de óbitos,PT/ADGRD/PRQ/PCLB19/003/00050,1908-01-24 – 1908-12-19,https://digitarq.arquivos.pt/fileViewer/c9d99943ba704ad0a092cfc38a6f9c92?isRepresentation=false,https://digitarq.arquivos.pt/documentDetails/c9d99943ba704ad0a092cfc38a6f9c92
Celorico (Santa Maria),clb19,Registos de óbitos,PT/ADGRD/PRQ/PCLB19/003/00051,1909-01-02 – 1909-12-18,https://digitarq.arquivos.pt/fileViewer/68412129380246e8b7ba236144cf9370?isRepresentation=false,https://digitarq.arquivos.pt/documentDetails/68412129380246e8b7ba236144cf9370
Celorico (Santa Maria),clb19,Registos de óbitos,PT/ADGRD/PRQ/PCLB19/003/00052,1910-01-11 – 1910-12-23,https://digitarq.arquivos.pt/fileViewer/7145bebd10d64b9186d47d4f7c0767b6?isRepresentation=false,https://digitarq.arquivos.pt/documentDetails/7145bebd10d64b9186d47d4f7c0767b6
Celorico (Santa Maria),clb19,Registos de óbitos,PT/ADGRD/PRQ/PCLB19/003/00053,1911-01-01 – 1911-03-30,https://digitarq.arquivos.pt/fileViewer/7f0c784092074f58a59a36146ae34348?isRepresentation=false,https://digitarq.arquivos.pt/documentDetails/7f0c784092074f58a59a36146ae34348
Celorico (Santa Maria),clb19,Registos de óbitos,"Após 1911, vigoram os livros do Registo Civil localizados a nível concelhio.",1911-04-01 –,/m/clb,
Celorico (São Pedro),clb20,Registos de óbitos,PT/TT/PRQ/PCLB20/003/O1,1746-01-01 – 1772-12-31,https://digitarq.arquivos.pt/fileViewer/fd0cf2bc50b14e739e362b44c64dc194?isRepresentation=false,https://digitarq.arquivos.pt/documentDetails/fd0cf2bc50b14e739e362b44c64dc194
Celorico (São Pedro),clb20,Registos de óbitos,PT/TT/PRQ/PCLB20/003/O2,1772-01-01 – 1802-12-31,https://digitarq.arquivos.pt/fileViewer/39131ac29f214a4f8a65ff2d860a9084?isRepresentation=false,https://digitarq.arquivos.pt/documentDetails/39131ac29f214a4f8a65ff2d860a9084
Celorico (São Pedro),clb20,Registos de óbitos,PT/ADGRD/PRQ/PCLB20/003/00001,1811-07-11 – 1856-07-23,https://digitarq.arquivos.pt/fileViewer/23e05c58b0114891b0099e638e8e3f79?isRepresentation=false,https://digitarq.arquivos.pt/documentDetails/23e05c58b0114891b0099e638e8e3f79
Celorico (São Pedro),clb20,Registos de óbitos,PT/ADGRD/PRQ/PCLB20/003/00002,1856-08-31 – 1859-08-30,https://digitarq.arquivos.pt/fileViewer/50675adffbe7464e81b59a3ae4bc4212?isRepresentation=false,https://digitarq.arquivos.pt/documentDetails/50675adffbe7464e81b59a3ae4bc4212
Celorico (São Pedro),clb20,Registos de óbitos,PT/ADGRD/PRQ/PCLB20/003/00003,1860-02-19 – 1860-12-12,https://digitarq.arquivos.pt/fileViewer/00cb77d9fd4347b1b9ea9e96d78ead6f?isRepresentation=false,https://digitarq.arquivos.pt/documentDetails/00cb77d9fd4347b1b9ea9e96d78ead6f
Celorico (São Pedro),clb20,Registos de óbitos,PT/ADGRD/PRQ/PCLB20/003/00004,1861-01-05 – 1861-12-27,https://digitarq.arquivos.pt/fileViewer/d141f3d8199a4270880d0cd24b75cfe9?isRepresentation=false,https://digitarq.arquivos.pt/documentDetails/d141f3d8199a4270880d0cd24b75cfe9
Celorico (São Pedro),clb20,Registos de óbitos,PT/ADGRD/PRQ/PCLB20/003/00005,1862-01-09 – 1862-11-22,https://digitarq.arquivos.pt/fileViewer/6e5832cbfd764dd1a6b59dccd7484116?isRepresentation=false,https://digitarq.arquivos.pt/documentDetails/6e5832cbfd764dd1a6b59dccd7484116
Celorico (São Pedro),clb20,Registos de óbitos,PT/ADGRD/PRQ/PCLB20/003/00006,1863-01-07 – 1863-12-23,https://digitarq.arquivos.pt/fileViewer/e6f4fa4004f3498ca129237eb8785599?isRepresentation=false,https://digitarq.arquivos.pt/documentDetails/e6f4fa4004f3498ca129237eb8785599
Celorico (São Pedro),clb20,Registos de óbitos,PT/ADGRD/PRQ/PCLB20/003/00007,1864-01-27 – 1864-12-24,https://digitarq.arquivos.pt/fileViewer/ebf945550048408298b5bd178b856845?isRepresentation=false,https://digitarq.arquivos.pt/documentDetails/ebf945550048408298b5bd178b856845
Celorico (São Pedro),clb20,Registos de óbitos,PT/ADGRD/PRQ/PCLB20/003/00008,1865-01-02 – 1865-12-11,https://digitarq.arquivos.pt/fileViewer/5ca20d6b80f74aedb326fa1d00fa7c33?isRepresentation=false,https://digitarq.arquivos.pt/documentDetails/5ca20d6b80f74aedb326fa1d00fa7c33
Celorico (São Pedro),clb20,Registos de óbitos,PT/ADGRD/PRQ/PCLB20/003/00009,1866-01-13 – 1866-12-30,https://digitarq.arquivos.pt/fileViewer/a3ac7738b1a344338869a696bdfdf0c4?isRepresentation=false,https://digitarq.arquivos.pt/documentDetails/a3ac7738b1a344338869a696bdfdf0c4
Celorico (São Pedro),clb20,Registos de óbitos,PT/ADGRD/PRQ/PCLB20/003/00010,1867-01-07 – 1867-12-05,https://digitarq.arquivos.pt/fileViewer/d11dd08fc7914f09a62aca5bb8959f29?isRepresentation=false,https://digitarq.arquivos.pt/documentDetails/d11dd08fc7914f09a62aca5bb8959f29
Celorico (São Pedro),clb20,Registos de óbitos,PT/ADGRD/PRQ/PCLB20/003/00011,1868-01-31 – 1868-12-29,https://digitarq.arquivos.pt/fileViewer/6cbb5de762e9412f9766508c2f24981a?isRepresentation=false,https://digitarq.arquivos.pt/documentDetails/6cbb5de762e9412f9766508c2f24981a
Celorico (São Pedro),clb20,Registos de óbitos,PT/ADGRD/PRQ/PCLB20/003/00012,1869-01-02 – 1869-12-20,https://digitarq.arquivos.pt/fileViewer/93ffc9f46dee453e86a9cbca1a974aa3?isRepresentation=false,https://digitarq.arquivos.pt/documentDetails/93ffc9f46dee453e86a9cbca1a974aa3
Celorico (São Pedro),clb20,Registos de óbitos,PT/ADGRD/PRQ/PCLB20/003/00013,1870-01-07 – 1870-12-30,https://digitarq.arquivos.pt/fileViewer/b92202497931443189310dc87eb8f91b?isRepresentation=false,https://digitarq.arquivos.pt/documentDetails/b92202497931443189310dc87eb8f91b
Celorico (São Pedro),clb20,Registos de óbitos,PT/ADGRD/PRQ/PCLB20/003/00014,1871-01-20 – 1871-12-06,https://digitarq.arquivos.pt/fileViewer/e44e843d385349f586864a0ff03a282b?isRepresentation=false,https://digitarq.arquivos.pt/documentDetails/e44e843d385349f586864a0ff03a282b
Celorico (São Pedro),clb20,Registos de óbitos,PT/ADGRD/PRQ/PCLB20/003/00015,1872-01-01 – 1872-12-29,https://digitarq.arquivos.pt/fileViewer/7959bc3746214577bbd5e9a010d7d8da?isRepresentation=false,https://digitarq.arquivos.pt/documentDetails/7959bc3746214577bbd5e9a010d7d8da
Celorico (São Pedro),clb20,Registos de óbitos,PT/ADGRD/PRQ/PCLB20/003/00016,1873-01-21 – 1873-12-17,https://digitarq.arquivos.pt/fileViewer/d9cb06f20a5245bc971737b16e408e8b?isRepresentation=false,https://digitarq.arquivos.pt/documentDetails/d9cb06f20a5245bc971737b16e408e8b
Celorico (São Pedro),clb20,Registos de óbitos,PT/ADGRD/PRQ/PCLB20/003/00017,1874-01-18 – 1874-12-31,https://digitarq.arquivos.pt/fileViewer/1c08a538ff8a4f94a54477eacddfef45?isRepresentation=false,https://digitarq.arquivos.pt/documentDetails/1c08a538ff8a4f94a54477eacddfef45
Celorico (São Pedro),clb20,Registos de óbitos,PT/ADGRD/PRQ/PCLB20/003/00018,1875-01-11 – 1875-12-12,https://digitarq.arquivos.pt/fileViewer/3e9af5ecc5cf4c21a537125214106488?isRepresentation=false,https://digitarq.arquivos.pt/documentDetails/3e9af5ecc5cf4c21a537125214106488
Celorico (São Pedro),clb20,Registos de óbitos,PT/ADGRD/PRQ/PCLB20/003/00019,1876-01-05 – 1876-12-30,https://digitarq.arquivos.pt/fileViewer/b6e5ad75da1643a4a251148f87378695?isRepresentation=false,https://digitarq.arquivos.pt/documentDetails/b6e5ad75da1643a4a251148f87378695
Celorico (São Pedro),clb20,Registos de óbitos,PT/ADGRD/PRQ/PCLB20/003/00020,1877-01-01 – 1877-12-29,https://digitarq.arquivos.pt/fileViewer/0ce0c82f6aec4c2791138280b2c1b852?isRepresentation=false,https://digitarq.arquivos.pt/documentDetails/0ce0c82f6aec4c2791138280b2c1b852
Celorico (São Pedro),clb20,Registos de óbitos,PT/ADGRD/PRQ/PCLB20/003/00021,1878-01-13 – 1878-12-25,https://digitarq.arquivos.pt/fileViewer/bf78a7444f9f4e73bca9e404a2255a47?isRepresentation=false,https://digitarq.arquivos.pt/documentDetails/bf78a7444f9f4e73bca9e404a2255a47
Celorico (São Pedro),clb20,Registos de óbitos,PT/ADGRD/PRQ/PCLB20/003/00022,1879-01-03 – 1879-12-26,https://digitarq.arquivos.pt/fileViewer/04b2d9a68e34482bbc217abcbbb4e32d?isRepresentation=false,https://digitarq.arquivos.pt/documentDetails/04b2d9a68e34482bbc217abcbbb4e32d
Celorico (São Pedro),clb20,Registos de óbitos,PT/ADGRD/PRQ/PCLB20/003/00023,1880-01-24 – 1880-12-28,https://digitarq.arquivos.pt/fileViewer/971ba980a06d42dd883c169367998b22?isRepresentation=false,https://digitarq.arquivos.pt/documentDetails/971ba980a06d42dd883c169367998b22
Celorico (São Pedro),clb20,Registos de óbitos,PT/ADGRD/PRQ/PCLB20/003/00024,1881-01-07 – 1881-12-28,https://digitarq.arquivos.pt/fileViewer/89a8b88fd8f1467abdefc1f99109a486?isRepresentation=false,https://digitarq.arquivos.pt/documentDetails/89a8b88fd8f1467abdefc1f99109a486
Celorico (São Pedro),clb20,Registos de óbitos,PT/ADGRD/PRQ/PCLB20/003/00025,1882-01-13 – 1882-12-08,https://digitarq.arquivos.pt/fileViewer/aaca754ed1994375a7cece10a36d4259?isRepresentation=false,https://digitarq.arquivos.pt/documentDetails/aaca754ed1994375a7cece10a36d4259
Celorico (São Pedro),clb20,Registos de óbitos,PT/ADGRD/PRQ/PCLB20/003/00026,1883-01-06 – 1883-12-29,https://digitarq.arquivos.pt/fileViewer/75d71db637284e1e93dedff84f7d6c6b?isRepresentation=false,https://digitarq.arquivos.pt/documentDetails/75d71db637284e1e93dedff84f7d6c6b
Celorico (São Pedro),clb20,Registos de óbitos,PT/ADGRD/PRQ/PCLB20/003/00027,1884-01-03 – 1884-12-31,https://digitarq.arquivos.pt/fileViewer/20f2b99c5d854690928079e5be42ed58?isRepresentation=false,https://digitarq.arquivos.pt/documentDetails/20f2b99c5d854690928079e5be42ed58
Celorico (São Pedro),clb20,Registos de óbitos,PT/ADGRD/PRQ/PCLB20/003/00028,1885-01-09 – 1885-12-31,https://digitarq.arquivos.pt/fileViewer/54be19feff394efd85b424d4415dabb5?isRepresentation=false,https://digitarq.arquivos.pt/documentDetails/54be19feff394efd85b424d4415dabb5
Celorico (São Pedro),clb20,Registos de óbitos,PT/ADGRD/PRQ/PCLB20/003/00029,1886-01-01 – 1886-12-31,https://digitarq.arquivos.pt/fileViewer/7e67879397b4490eb57810ce1d6249f3?isRepresentation=false,https://digitarq.arquivos.pt/documentDetails/7e67879397b4490eb57810ce1d6249f3
Celorico (São Pedro),clb20,Registos de óbitos,PT/ADGRD/PRQ/PCLB20/003/00030,1887-01-12 – 1887-12-31,https://digitarq.arquivos.pt/fileViewer/8157eec517e349b9ac79584c96f6d892?isRepresentation=false,https://digitarq.arquivos.pt/documentDetails/8157eec517e349b9ac79584c96f6d892
Celorico (São Pedro),clb20,Registos de óbitos,PT/ADGRD/PRQ/PCLB20/003/00031,1888-01-09 – 1888-12-23,https://digitarq.arquivos.pt/fileViewer/68202f230c304dc6850b5c6ab74e192c?isRepresentation=false,https://digitarq.arquivos.pt/documentDetails/68202f230c304dc6850b5c6ab74e192c
Celorico (São Pedro),clb20,Registos de óbitos,PT/ADGRD/PRQ/PCLB20/003/00032,1889-01-05 – 1889-12-22,https://digitarq.arquivos.pt/fileViewer/6a88bbe97bdb4921931a8efb46d7ef5a?isRepresentation=false,https://digitarq.arquivos.pt/documentDetails/6a88bbe97bdb4921931a8efb46d7ef5a
Celorico (São Pedro),clb20,Registos de óbitos,PT/ADGRD/PRQ/PCLB20/003/00033,1890-02-01 – 1890-12-30,https://digitarq.arquivos.pt/fileViewer/a846bd7360874d888f63b95927161c68?isRepresentation=false,https://digitarq.arquivos.pt/documentDetails/a846bd7360874d888f63b95927161c68
Celorico (São Pedro),clb20,Registos de óbitos,PT/ADGRD/PRQ/PCLB20/003/00034,1891-01-05 – 1891-12-30,https://digitarq.arquivos.pt/fileViewer/a890a9df262f48ae9ca3d1b116199a69?isRepresentation=false,https://digitarq.arquivos.pt/documentDetails/a890a9df262f48ae9ca3d1b116199a69
Celorico (São Pedro),clb20,Registos de óbitos,PT/ADGRD/PRQ/PCLB20/003/00035,1892-01-11 – 1892-12-22,https://digitarq.arquivos.pt/fileViewer/0d2bceb1aa5d4e7cbbe6492cd72151b0?isRepresentation=false,https://digitarq.arquivos.pt/documentDetails/0d2bceb1aa5d4e7cbbe6492cd72151b0
Celorico (São Pedro),clb20,Registos de óbitos,PT/ADGRD/PRQ/PCLB20/003/00036,1893-01-03 – 1893-12-18,https://digitarq.arquivos.pt/fileViewer/3d39df0a076046b0b2a9a608aa4afb3e?isRepresentation=false,https://digitarq.arquivos.pt/documentDetails/3d39df0a076046b0b2a9a608aa4afb3e
Celorico (São Pedro),clb20,Registos de óbitos,PT/ADGRD/PRQ/PCLB20/003/00037,1894-01-02 – 1894-12-28,https://digitarq.arquivos.pt/fileViewer/c18b546bd54c40a3ae40b26f7883cbd8?isRepresentation=false,https://digitarq.arquivos.pt/documentDetails/c18b546bd54c40a3ae40b26f7883cbd8
Celorico (São Pedro),clb20,Registos de óbitos,PT/ADGRD/PRQ/PCLB20/003/00038,1895-01-06 – 1895-12-31,https://digitarq.arquivos.pt/fileViewer/3234c862a92141a8ac4beab0f2f90667?isRepresentation=false,https://digitarq.arquivos.pt/documentDetails/3234c862a92141a8ac4beab0f2f90667
Celorico (São Pedro),clb20,Registos de óbitos,PT/ADGRD/PRQ/PCLB20/003/00039,1896-01-01 – 1896-12-27,https://digitarq.arquivos.pt/fileViewer/ab8635ca4266426e9c73ee9364736a67?isRepresentation=false,https://digitarq.arquivos.pt/documentDetails/ab8635ca4266426e9c73ee9364736a67
Celorico (São Pedro),clb20,Registos de óbitos,PT/ADGRD/PRQ/PCLB20/003/00040,1897-01-13 – 1897-12-28,https://digitarq.arquivos.pt/fileViewer/706de6e3cd194bc8b8e09422d8f08616?isRepresentation=false,https://digitarq.arquivos.pt/documentDetails/706de6e3cd194bc8b8e09422d8f08616
Celorico (São Pedro),clb20,Registos de óbitos,PT/ADGRD/PRQ/PCLB20/003/00041,1898-01-07 – 1898-12-22,https://digitarq.arquivos.pt/fileViewer/e15d014f4654459ca188ffe1bf01c8ae?isRepresentation=false,https://digitarq.arquivos.pt/documentDetails/e15d014f4654459ca188ffe1bf01c8ae
Celorico (São Pedro),clb20,Registos de óbitos,PT/ADGRD/PRQ/PCLB20/003/00042,1899-01-06 – 1899-12-27,https://digitarq.arquivos.pt/fileViewer/7cac43c28e784695a563c6fb80f3ed42?isRepresentation=false,https://digitarq.arquivos.pt/documentDetails/7cac43c28e784695a563c6fb80f3ed42
Celorico (São Pedro),clb20,Registos de óbitos,PT/ADGRD/PRQ/PCLB20/003/00043,1900-01-16 – 1900-12-24,https://digitarq.arquivos.pt/fileViewer/3bdc008d99b44089be1a8fd50ef0834b?isRepresentation=false,https://digitarq.arquivos.pt/documentDetails/3bdc008d99b44089be1a8fd50ef0834b
Celorico (São Pedro),clb20,Registos de óbitos,PT/ADGRD/PRQ/PCLB20/003/00044,1901-01-11 – 1901-12-11,https://digitarq.arquivos.pt/fileViewer/c3d2fee6b34441549cbcc735f57aa6fc?isRepresentation=false,https://digitarq.arquivos.pt/documentDetails/c3d2fee6b34441549cbcc735f57aa6fc
Celorico (São Pedro),clb20,Registos de óbitos,PT/ADGRD/PRQ/PCLB20/003/00045,1902-01-01 – 1902-12-21,https://digitarq.arquivos.pt/fileViewer/3854dd65aa4b458cb78492b93403c49b?isRepresentation=false,https://digitarq.arquivos.pt/documentDetails/3854dd65aa4b458cb78492b93403c49b
Celorico (São Pedro),clb20,Registos de óbitos,PT/ADGRD/PRQ/PCLB20/003/00046,1903-01-16 – 1903-12-01,https://digitarq.arquivos.pt/fileViewer/7b2e637d02b748a7b370ef9758209509?isRepresentation=false,https://digitarq.arquivos.pt/documentDetails/7b2e637d02b748a7b370ef9758209509
Celorico (São Pedro),clb20,Registos de óbitos,PT/ADGRD/PRQ/PCLB20/003/00047,1904-01-06 – 1904-12-29,https://digitarq.arquivos.pt/fileViewer/aae316d36d5a4010a644560878ec68a5?isRepresentation=false,https://digitarq.arquivos.pt/documentDetails/aae316d36d5a4010a644560878ec68a5
Celorico (São Pedro),clb20,Registos de óbitos,PT/ADGRD/PRQ/PCLB20/003/00048,1905-01-09 – 1905-12-12,https://digitarq.arquivos.pt/fileViewer/2bc955bc55664656972ea3a602fc921c?isRepresentation=false,https://digitarq.arquivos.pt/documentDetails/2bc955bc55664656972ea3a602fc921c
Celorico (São Pedro),clb20,Registos de óbitos,PT/ADGRD/PRQ/PCLB20/003/00049,1906-01-02 – 1906-12-30,https://digitarq.arquivos.pt/fileViewer/a9c0a3ec56d54d2c85a1664ac2dcb364?isRepresentation=false,https://digitarq.arquivos.pt/documentDetails/a9c0a3ec56d54d2c85a1664ac2dcb364
Celorico (São Pedro),clb20,Registos de óbitos,PT/ADGRD/PRQ/PCLB20/003/00050,1907-01-01 – 1907-12-18,https://digitarq.arquivos.pt/fileViewer/a5b605cc86f54cc0909abd3e1a2366bb?isRepresentation=false,https://digitarq.arquivos.pt/documentDetails/a5b605cc86f54cc0909abd3e1a2366bb
Celorico (São Pedro),clb20,Registos de óbitos,PT/ADGRD/PRQ/PCLB20/003/00051,1908-01-01 – 1908-12-30,https://digitarq.arquivos.pt/fileViewer/4f43891989cc499483108fe92c7071df?isRepresentation=false,https://digitarq.arquivos.pt/documentDetails/4f43891989cc499483108fe92c7071df
Celorico (São Pedro),clb20,Registos de óbitos,PT/ADGRD/PRQ/PCLB20/003/00052,1909-01-03 – 1909-12-24,https://digitarq.arquivos.pt/fileViewer/358278b6955141cca8092315594db901?isRepresentation=false,https://digitarq.arquivos.pt/documentDetails/358278b6955141cca8092315594db901
Celorico (São Pedro),clb20,Registos de óbitos,PT/ADGRD/PRQ/PCLB20/003/00053,1910-01-05 – 1910-12-31,https://digitarq.arquivos.pt/fileViewer/29e970afc97d43808227565de56cb1a3?isRepresentation=false,https://digitarq.arquivos.pt/documentDetails/29e970afc97d43808227565de56cb1a3
Celorico (São Pedro),clb20,Registos de óbitos,PT/ADGRD/PRQ/PCLB20/003/00054,1911-01-05 – 1911-03-29,https://digitarq.arquivos.pt/fileViewer/16bf8af2b54c47a8bbf23e043e22ca29?isRepresentation=false,https://digitarq.arquivos.pt/documentDetails/16bf8af2b54c47a8bbf23e043e22ca29
Celorico (São Pedro),clb20,Registos de óbitos,"Após 1911, vigoram os livros do Registo Civil localizados a nível concelhio.",1911-04-01 –,/m/clb,
Cortiçô da Serra,clb07,Registos de óbitos,PT/TT/PRQ/PCLB07/003/O1,1654-01-01 – 1671-12-31,https://digitarq.arquivos.pt/fileViewer/0e577277eb214de79c1005d98d21ab5e?isRepresentation=false,https://digitarq.arquivos.pt/documentDetails/0e577277eb214de79c1005d98d21ab5e
Cortiçô da Serra,clb07,Registos de óbitos,PT/TT/PRQ/PCLB07/003/O2,1714-01-01 – 1747-12-31,https://digitarq.arquivos.pt/fileViewer/e3288487778642b982df1d020be30481?isRepresentation=false,https://digitarq.arquivos.pt/documentDetails/e3288487778642b982df1d020be30481
Cortiçô da Serra,clb07,Registos de óbitos,PT/ADGRD/PRQ/PCLB07/003/00001,1815-12-28 – 1855-10-06,https://digitarq.arquivos.pt/fileViewer/8eb156c035d346ac95fe6dbcadbc4bec?isRepresentation=false,https://digitarq.arquivos.pt/documentDetails/8eb156c035d346ac95fe6dbcadbc4bec
Cortiçô da Serra,clb07,Registos de óbitos,PT/TT/PRQ/PCLB07/003/O3,1855-01-01 – 1860-12-31,https://digitarq.arquivos.pt/fileViewer/e92c6671498443128229757fa59c5b71?isRepresentation=false,https://digitarq.arquivos.pt/documentDetails/e92c6671498443128229757fa59c5b71
Cortiçô da Serra,clb07,Registos de óbitos,PT/ADGRD/PRQ/PCLB07/003/00002,1860-01-20 – 1868-12-21,https://digitarq.arquivos.pt/fileViewer/48ca0fd9450e49d9838c74049c932402?isRepresentation=false,https://digitarq.arquivos.pt/documentDetails/48ca0fd9450e49d9838c74049c932402
Cortiçô da Serra,clb07,Registos de óbitos,PT/ADGRD/PRQ/PCLB07/003/00041,1863-01-01 – 1863-01-07,https://digitarq.arquivos.pt/fileViewer/cf55943a975d4ec9a7d4d0610c03837b?isRepresentation=false,https://digitarq.arquivos.pt/documentDetails/cf55943a975d4ec9a7d4d0610c03837b
Cortiçô da Serra,clb07,Registos de óbitos,PT/ADGRD/PRQ/PCLB07/003/00042,1865-05-29 – 1865-11-21,https://digitarq.arquivos.pt/fileViewer/0d287674918f49b281c88d185a42d5de?isRepresentation=false,https://digitarq.arquivos.pt/documentDetails/0d287674918f49b281c88d185a42d5de
Cortiçô da Serra,clb07,Registos de óbitos,PT/ADGRD/PRQ/PCLB07/003/00043,1869-02-27 – 1869-10-24,https://digitarq.arquivos.pt/fileViewer/253f296793474b4e96022f43cc56f8cc?isRepresentation=false,https://digitarq.arquivos.pt/documentDetails/253f296793474b4e96022f43cc56f8cc
Cortiçô da Serra,clb07,Registos de óbitos,PT/ADGRD/PRQ/PCLB07/003/00003,1870-05-22 – 1870-12-26,https://digitarq.arquivos.pt/fileViewer/417d4ceebd2445459f766a4326fc3ae8?isRepresentation=false,https://digitarq.arquivos.pt/documentDetails/417d4ceebd2445459f766a4326fc3ae8
Cortiçô da Serra,clb07,Registos de óbitos,PT/ADGRD/PRQ/PCLB07/003/00004,1871-02-02 – 1871-11-21,https://digitarq.arquivos.pt/fileViewer/270e3b15ef4242e0a9b9c835ad7120ce?isRepresentation=false,https://digitarq.arquivos.pt/documentDetails/270e3b15ef4242e0a9b9c835ad7120ce
Cortiçô da Serra,clb07,Registos de óbitos,PT/ADGRD/PRQ/PCLB07/003/00005,1872-06-11 – 1872-10-30,https://digitarq.arquivos.pt/fileViewer/dbb2b4e516864809b64e8f92caa0584a?isRepresentation=false,https://digitarq.arquivos.pt/documentDetails/dbb2b4e516864809b64e8f92caa0584a
Cortiçô da Serra,clb07,Registos de óbitos,PT/ADGRD/PRQ/PCLB07/003/00006,1873-01-19 – 1873-12-04,https://digitarq.arquivos.pt/fileViewer/5e2cccd263b046be93c2bb4965b4230b?isRepresentation=false,https://digitarq.arquivos.pt/documentDetails/5e2cccd263b046be93c2bb4965b4230b
Cortiçô da Serra,clb07,Registos de óbitos,PT/ADGRD/PRQ/PCLB07/003/00007,1874-07-25 – 1874-11-12,https://digitarq.arquivos.pt/fileViewer/3a7fa822b80a4424b30a27833409aaf6?isRepresentation=false,https://digitarq.arquivos.pt/documentDetails/3a7fa822b80a4424b30a27833409aaf6
Cortiçô da Serra,clb07,Registos de óbitos,PT/ADGRD/PRQ/PCLB07/003/00008,1875-05-08 – 1875-12-19,https://digitarq.arquivos.pt/fileViewer/2d83c6404efe44aaa7c56eb0dde1cada?isRepresentation=false,https://digitarq.arquivos.pt/documentDetails/2d83c6404efe44aaa7c56eb0dde1cada
Cortiçô da Serra,clb07,Registos de óbitos,PT/ADGRD/PRQ/PCLB07/003/00009,1876-02-02 – 1876-11-30,https://digitarq.arquivos.pt/fileViewer/1a9fdb6234cc471e8774c91f8bca8a75?isRepresentation=false,https://digitarq.arquivos.pt/documentDetails/1a9fdb6234cc471e8774c91f8bca8a75
Cortiçô da Serra,clb07,Registos de óbitos,PT/ADGRD/PRQ/PCLB07/003/00010,1877-01-07 – 1877-12-22,https://digitarq.arquivos.pt/fileViewer/8422b16ad9904598a9f26ae0328e4a7f?isRepresentation=false,https://digitarq.arquivos.pt/documentDetails/8422b16ad9904598a9f26ae0328e4a7f
Cortiçô da Serra,clb07,Registos de óbitos,PT/ADGRD/PRQ/PCLB07/003/00011,1878-01-10 – 1878-01-11,https://digitarq.arquivos.pt/fileViewer/f09954f800334552989bb4849df06bea?isRepresentation=false,https://digitarq.arquivos.pt/documentDetails/f09954f800334552989bb4849df06bea
Cortiçô da Serra,clb07,Registos de óbitos,PT/ADGRD/PRQ/PCLB07/003/00012,1879-02-01 – 1879-12-26,https://digitarq.arquivos.pt/fileViewer/4ea234fc602f489092d50d696fae9a27?isRepresentation=false,https://digitarq.arquivos.pt/documentDetails/4ea234fc602f489092d50d696fae9a27
Cortiçô da Serra,clb07,Registos de óbitos,PT/ADGRD/PRQ/PCLB07/003/00013,1880-02-16 – 1880-10-15,https://digitarq.arquivos.pt/fileViewer/434dc3abb8924f819c8e767804d66071?isRepresentation=false,https://digitarq.arquivos.pt/documentDetails/434dc3abb8924f819c8e767804d66071
Cortiçô da Serra,clb07,Registos de óbitos,PT/ADGRD/PRQ/PCLB07/003/00014,1881-03-15 – 1881-12-01,https://digitarq.arquivos.pt/fileViewer/24ba9d99ddb941f090b3ecb3a12b7684?isRepresentation=false,https://digitarq.arquivos.pt/documentDetails/24ba9d99ddb941f090b3ecb3a12b7684
Cortiçô da Serra,clb07,Registos de óbitos,PT/ADGRD/PRQ/PCLB07/003/00015,1882-02-11 – 1882-12-16,https://digitarq.arquivos.pt/fileViewer/3dbda6e77ada41698af065957529ad35?isRepresentation=false,https://digitarq.arquivos.pt/documentDetails/3dbda6e77ada41698af065957529ad35
Cortiçô da Serra,clb07,Registos de óbitos,PT/ADGRD/PRQ/PCLB07/003/00016,1883-01-11 – 1883-12-31,https://digitarq.arquivos.pt/fileViewer/74ce427519e84fe39f4ed135c24e33fb?isRepresentation=false,https://digitarq.arquivos.pt/documentDetails/74ce427519e84fe39f4ed135c24e33fb
Cortiçô da Serra,clb07,Registos de óbitos,PT/ADGRD/PRQ/PCLB07/003/00017,1884-01-01 – 1884-12-15,https://digitarq.arquivos.pt/fileViewer/ee4bae00291846b0a36f68378f584a21?isRepresentation=false,https://digitarq.arquivos.pt/documentDetails/ee4bae00291846b0a36f68378f584a21
Cortiçô da Serra,clb07,Registos de óbitos,PT/ADGRD/PRQ/PCLB07/003/00018,1885-01-01 – 1885-11-19,https://digitarq.arquivos.pt/fileViewer/bdf8acb16ae948c386b81ac5cba0a31b?isRepresentation=false,https://digitarq.arquivos.pt/documentDetails/bdf8acb16ae948c386b81ac5cba0a31b
Cortiçô da Serra,clb07,Registos de óbitos,PT/ADGRD/PRQ/PCLB07/003/00019,1886-01-09 – 1886-12-15,https://digitarq.arquivos.pt/fileViewer/2cc57083523f4b3485771a18f50daea2?isRepresentation=false,https://digitarq.arquivos.pt/documentDetails/2cc57083523f4b3485771a18f50daea2
Cortiçô da Serra,clb07,Registos de óbitos,PT/ADGRD/PRQ/PCLB07/003/00020,1887-02-20 – 1887-12-12,https://digitarq.arquivos.pt/fileViewer/3eda43dedaf04fef93470fe37069f8db?isRepresentation=false,https://digitarq.arquivos.pt/documentDetails/3eda43dedaf04fef93470fe37069f8db
Cortiçô da Serra,clb07,Registos de óbitos,PT/ADGRD/PRQ/PCLB07/003/00021,1888-01-14 – 1888-12-28,https://digitarq.arquivos.pt/fileViewer/01b78104b8b54d9b81feb167f8754315?isRepresentation=false,https://digitarq.arquivos.pt/documentDetails/01b78104b8b54d9b81feb167f8754315
Cortiçô da Serra,clb07,Registos de óbitos,PT/ADGRD/PRQ/PCLB07/003/00022,1889-01-11 – 1889-12-14,https://digitarq.arquivos.pt/fileViewer/dbe9b6ef93e445f0a4a35848af48ea8f?isRepresentation=false,https://digitarq.arquivos.pt/documentDetails/dbe9b6ef93e445f0a4a35848af48ea8f
Cortiçô da Serra,clb07,Registos de óbitos,PT/ADGRD/PRQ/PCLB07/003/00023,1890-01-31 – 1890-12-26,https://digitarq.arquivos.pt/fileViewer/e577fe9ad415462d90a962437acc7f12?isRepresentation=false,https://digitarq.arquivos.pt/documentDetails/e577fe9ad415462d90a962437acc7f12
Cortiçô da Serra,clb07,Registos de óbitos,PT/ADGRD/PRQ/PCLB07/003/00024,1891-01-02 – 1891-12-29,https://digitarq.arquivos.pt/fileViewer/d384819e5483421fa7db73937fc79185?isRepresentation=false,https://digitarq.arquivos.pt/documentDetails/d384819e5483421fa7db73937fc79185
Cortiçô da Serra,clb07,Registos de óbitos,PT/ADGRD/PRQ/PCLB07/003/00025,1892-01-08 – 1892-12-19,https://digitarq.arquivos.pt/fileViewer/971b369445eb490594772652e5fc2fc8?isRepresentation=false,https://digitarq.arquivos.pt/documentDetails/971b369445eb490594772652e5fc2fc8
Cortiçô da Serra,clb07,Registos de óbitos,PT/ADGRD/PRQ/PCLB07/003/00026,1893-02-15 – 1893-12-16,https://digitarq.arquivos.pt/fileViewer/4c17f3783ba048489682898fbe4526b0?isRepresentation=false,https://digitarq.arquivos.pt/documentDetails/4c17f3783ba048489682898fbe4526b0
Cortiçô da Serra,clb07,Registos de óbitos,PT/ADGRD/PRQ/PCLB07/003/00027,1894-01-02 – 1894-12-22,https://digitarq.arquivos.pt/fileViewer/77b4c8cc22234c16baa01053797ba4d3?isRepresentation=false,https://digitarq.arquivos.pt/documentDetails/77b4c8cc22234c16baa01053797ba4d3
Cortiçô da Serra,clb07,Registos de óbitos,PT/ADGRD/PRQ/PCLB07/003/00028,1895-01-08 – 1895-12-02,https://digitarq.arquivos.pt/fileViewer/02cce13fd2a8458b8df15c5a24108817?isRepresentation=false,https://digitarq.arquivos.pt/documentDetails/02cce13fd2a8458b8df15c5a24108817
Cortiçô da Serra,clb07,Registos de óbitos,PT/ADGRD/PRQ/PCLB07/003/00029,1896-01-20 – 1896-11-17,https://digitarq.arquivos.pt/fileViewer/d0705b5c947d429bb56053462f238bd2?isRepresentation=false,https://digitarq.arquivos.pt/documentDetails/d0705b5c947d429bb56053462f238bd2
Cortiçô da Serra,clb07,Registos de óbitos,PT/ADGRD/PRQ/PCLB07/003/00030,1897-01-14 – 1897-11-22,https://digitarq.arquivos.pt/fileViewer/8c759c3b31a9495eb05e70c6296b36f2?isRepresentation=false,https://digitarq.arquivos.pt/documentDetails/8c759c3b31a9495eb05e70c6296b36f2
Cortiçô da Serra,clb07,Registos de óbitos,PT/ADGRD/PRQ/PCLB07/003/00031,1898-01-02 – 1898-12-10,https://digitarq.arquivos.pt/fileViewer/ae42d8e3f55940fb9deb26b92bab6958?isRepresentation=false,https://digitarq.arquivos.pt/documentDetails/ae42d8e3f55940fb9deb26b92bab6958
Cortiçô da Serra,clb07,Registos de óbitos,PT/ADGRD/PRQ/PCLB07/003/00032,1899-05-27 – 1899-11-18,https://digitarq.arquivos.pt/fileViewer/33472218919d4454921ca994c5a01594?isRepresentation=false,https://digitarq.arquivos.pt/documentDetails/33472218919d4454921ca994c5a01594
Cortiçô da Serra,clb07,Registos de óbitos,PT/ADGRD/PRQ/PCLB07/003/00033,1900-02-10 – 1900-12-28,https://digitarq.arquivos.pt/fileViewer/1cd28bfc00d14ce7a761190118c7ce64?isRepresentation=false,https://digitarq.arquivos.pt/documentDetails/1cd28bfc00d14ce7a761190118c7ce64
Cortiçô da Serra,clb07,Registos de óbitos,PT/ADGRD/PRQ/PCLB07/003/00034,1901-01-07 – 1901-12-19,https://digitarq.arquivos.pt/fileViewer/cec2004e40874777b6c588fe08a05402?isRepresentation=false,https://digitarq.arquivos.pt/documentDetails/cec2004e40874777b6c588fe08a05402
Cortiçô da Serra,clb07,Registos de óbitos,PT/ADGRD/PRQ/PCLB07/003/00035,1902-01-05 – 1902-12-26,https://digitarq.arquivos.pt/fileViewer/71823768cd614b75a4324b59edb2c31f?isRepresentation=false,https://digitarq.arquivos.pt/documentDetails/71823768cd614b75a4324b59edb2c31f
Cortiçô da Serra,clb07,Registos de óbitos,PT/ADGRD/PRQ/PCLB07/003/00036,1903-01-10 – 1903-11-01,https://digitarq.arquivos.pt/fileViewer/7262fa86f7f64e82a1451d1b211a13c6?isRepresentation=false,https://digitarq.arquivos.pt/documentDetails/7262fa86f7f64e82a1451d1b211a13c6
Cortiçô da Serra,clb07,Registos de óbitos,PT/ADGRD/PRQ/PCLB07/003/00037,1904-01-19 – 1904-12-26,https://digitarq.arquivos.pt/fileViewer/cbf577f1754f4320a279c7b0d772c12d?isRepresentation=false,https://digitarq.arquivos.pt/documentDetails/cbf577f1754f4320a279c7b0d772c12d
Cortiçô da Serra,clb07,Registos de óbitos,PT/ADGRD/PRQ/PCLB07/003/00038,1905-01-30 – 1905-10-30,https://digitarq.arquivos.pt/fileViewer/c3cfcaf53e954abe84ab2a043c046a41?isRepresentation=false,https://digitarq.arquivos.pt/documentDetails/c3cfcaf53e954abe84ab2a043c046a41
Cortiçô da Serra,clb07,Registos de óbitos,PT/ADGRD/PRQ/PCLB07/003/00039,1906-02-22 – 1906-12-17,https://digitarq.arquivos.pt/fileViewer/dd02daa7d4494a229772e31eb705ef3b?isRepresentation=false,https://digitarq.arquivos.pt/documentDetails/dd02daa7d4494a229772e31eb705ef3b
Cortiçô da Serra,clb07,Registos de óbitos,PT/ADGRD/PRQ/PCLB07/003/00040,1907-03-10 – 1907-12-27,https://digitarq.arquivos.pt/fileViewer/59e53a4fa2cd4b1987f0c796dd5141bd?isRepresentation=false,https://digitarq.arquivos.pt/documentDetails/59e53a4fa2cd4b1987f0c796dd5141bd
Cortiçô da Serra,clb07,Registos de óbitos,PT/ADGRD/PRQ/PCLB07/003/00044,1908-01-04 – 1908-12-15,https://digitarq.arquivos.pt/fileViewer/e16df8f14eab4dc4a3f2aff99001af58?isRepresentation=false,https://digitarq.arquivos.pt/documentDetails/e16df8f14eab4dc4a3f2aff99001af58
Cortiçô da Serra,clb07,Registos de óbitos,PT/ADGRD/PRQ/PCLB07/003/00045,1909-02-20 – 1909-12-23,https://digitarq.arquivos.pt/fileViewer/b729022476b1427298830d59bbf38355?isRepresentation=false,https://digitarq.arquivos.pt/documentDetails/b729022476b1427298830d59bbf38355
Cortiçô da Serra,clb07,Registos de óbitos,PT/ADGRD/PRQ/PCLB07/003/00046,1910-01-16 – 1910-12-12,https://digitarq.arquivos.pt/fileViewer/50e20dd12fd5472eb6c8df8c14463696?isRepresentation=false,https://digitarq.arquivos.pt/documentDetails/50e20dd12fd5472eb6c8df8c14463696
Cortiçô da Serra,clb07,Registos de óbitos,PT/ADGRD/PRQ/PCLB07/003/00047,1911-01-04 – 1911-01-04,https://digitarq.arquivos.pt/fileViewer/8807ea654df34980a20a74f68f4449cf?isRepresentation=false,https://digitarq.arquivos.pt/documentDetails/8807ea654df34980a20a74f68f4449cf
Cortiçô da Serra,clb07,Registos de óbitos,"Após 1911, vigoram os livros do Registo Civil localizados a nível concelhio.",1911-04-01 –,/m/clb,
Forno Telheiro,clb08,Registos de óbitos,PT/TT/PRQ/PCLB08/003/O1,1703-01-01 – 1789-12-31,https://digitarq.arquivos.pt/fileViewer/09f9c5c0776c48c8a48aa087c4811b99?isRepresentation=false,https://digitarq.arquivos.pt/documentDetails/09f9c5c0776c48c8a48aa087c4811b99
Forno Telheiro,clb08,Registos de óbitos,PT/TT/PRQ/PCLB08/003/O3,1789-01-01 – 1804-12-31,https://digitarq.arquivos.pt/fileViewer/edcd83e4e0bb41f590a0ff4a078dadd2?isRepresentation=false,https://digitarq.arquivos.pt/documentDetails/edcd83e4e0bb41f590a0ff4a078dadd2
Forno Telheiro,clb08,Registos de óbitos,PT/TT/PRQ/PCLB08/003/O2,1804-01-01 – 1859-12-31,https://digitarq.arquivos.pt/fileViewer/b74748ab3cbd4dcc896b866ec40c617d?isRepresentation=false,https://digitarq.arquivos.pt/documentDetails/b74748ab3cbd4dcc896b866ec40c617d
Forno Telheiro,clb08,Registos de óbitos,PT/TT/PRQ/PCLB08/003/O4,1832-01-01 – 1859-12-31,https://digitarq.arquivos.pt/fileViewer/0acf64e4b66a490a9528de51d2c5ce21?isRepresentation=false,https://digitarq.arquivos.pt/documentDetails/0acf64e4b66a490a9528de51d2c5ce21
Forno Telheiro,clb08,Registos de óbitos,PT/ADGRD/PRQ/PCLB08/003/00001,1860-02-25 – 1860-12-02,https://digitarq.arquivos.pt/fileViewer/12208bac62204f8a81d0702297516adb?isRepresentation=false,https://digitarq.arquivos.pt/documentDetails/12208bac62204f8a81d0702297516adb
Forno Telheiro,clb08,Registos de óbitos,PT/ADGRD/PRQ/PCLB08/003/00002,1861-01-05 – 1861-11-21,https://digitarq.arquivos.pt/fileViewer/d81f8c4d7f4b4a7dafb04665681b8e93?isRepresentation=false,https://digitarq.arquivos.pt/documentDetails/d81f8c4d7f4b4a7dafb04665681b8e93
Forno Telheiro,clb08,Registos de óbitos,PT/ADGRD/PRQ/PCLB08/003/00003,1862-02-04 – 1862-12-19,https://digitarq.arquivos.pt/fileViewer/b0d78fe2279d419c84a8072a6a547def?isRepresentation=false,https://digitarq.arquivos.pt/documentDetails/b0d78fe2279d419c84a8072a6a547def
Forno Telheiro,clb08,Registos de óbitos,PT/ADGRD/PRQ/PCLB08/003/00004,1863-01-02 – 1878-12-15,https://digitarq.arquivos.pt/fileViewer/3ab2642bed5043399afc73ebbd1cbbbb?isRepresentation=false,https://digitarq.arquivos.pt/documentDetails/3ab2642bed5043399afc73ebbd1cbbbb
Forno Telheiro,clb08,Registos de óbitos,PT/ADGRD/PRQ/PCLB08/003/00005,1879-01-13 – 1879-12-21,https://digitarq.arquivos.pt/fileViewer/1d7e82f328444777bec300d7e29fb99e?isRepresentation=false,https://digitarq.arquivos.pt/documentDetails/1d7e82f328444777bec300d7e29fb99e
Forno Telheiro,clb08,Registos de óbitos,PT/ADGRD/PRQ/PCLB08/003/00006,1880-01-04 – 1880-12-21,https://digitarq.arquivos.pt/fileViewer/7999c9577a02458fbe8f2a32eac908db?isRepresentation=false,https://digitarq.arquivos.pt/documentDetails/7999c9577a02458fbe8f2a32eac908db
Forno Telheiro,clb08,Registos de óbitos,PT/ADGRD/PRQ/PCLB08/003/00007,1881-01-12 – 1881-12-28,https://digitarq.arquivos.pt/fileViewer/dbc16dfeea85416889b9dbefb8efdd86?isRepresentation=false,https://digitarq.arquivos.pt/documentDetails/dbc16dfeea85416889b9dbefb8efdd86
Forno Telheiro,clb08,Registos de óbitos,PT/ADGRD/PRQ/PCLB08/003/00008,1882-01-02 – 1882-12-31,https://digitarq.arquivos.pt/fileViewer/5f08cd4aef7f4489a60987e2ec36c3f4?isRepresentation=false,https://digitarq.arquivos.pt/documentDetails/5f08cd4aef7f4489a60987e2ec36c3f4
Forno Telheiro,clb08,Registos de óbitos,PT/ADGRD/PRQ/PCLB08/003/00009,1883-02-22 – 1883-12-29,https://digitarq.arquivos.pt/fileViewer/75afe03ac2b84ecea092666c26adad6f?isRepresentation=false,https://digitarq.arquivos.pt/documentDetails/75afe03ac2b84ecea092666c26adad6f
Forno Telheiro,clb08,Registos de óbitos,PT/ADGRD/PRQ/PCLB08/003/00010,1884-01-17 – 1884-12-27,https://digitarq.arquivos.pt/fileViewer/aa781659ecce493b83aa1fbb25ee1c90?isRepresentation=false,https://digitarq.arquivos.pt/documentDetails/aa781659ecce493b83aa1fbb25ee1c90
Forno Telheiro,clb08,Registos de óbitos,PT/ADGRD/PRQ/PCLB08/003/00011,1885-01-02 – 1885-12-22,https://digitarq.arquivos.pt/fileViewer/c9f5d68dbbf54316a62f01c55cccb649?isRepresentation=false,https://digitarq.arquivos.pt/documentDetails/c9f5d68dbbf54316a62f01c55cccb649
Forno Telheiro,clb08,Registos de óbitos,PT/ADGRD/PRQ/PCLB08/003/00012,1886-01-11 – 1886-12-30,https://digitarq.arquivos.pt/fileViewer/84929420079347c7b2c7dc3becc3dfd7?isRepresentation=false,https://digitarq.arquivos.pt/documentDetails/84929420079347c7b2c7dc3becc3dfd7
Forno Telheiro,clb08,Registos de óbitos,PT/ADGRD/PRQ/PCLB08/003/00013,1887-02-24 – 1887-12-28,https://digitarq.arquivos.pt/fileViewer/488b3d0252a14b528bf4a5a48a0ec1fc?isRepresentation=false,https://digitarq.arquivos.pt/documentDetails/488b3d0252a14b528bf4a5a48a0ec1fc
Forno Telheiro,clb08,Registos de óbitos,PT/ADGRD/PRQ/PCLB08/003/00014,1888-02-09 – 1888-12-22,https://digitarq.arquivos.pt/fileViewer/073a59c655df428bbb2f381dc7842e72?isRepresentation=false,https://digitarq.arquivos.pt/documentDetails/073a59c655df428bbb2f381dc7842e72
Forno Telheiro,clb08,Registos de óbitos,PT/ADGRD/PRQ/PCLB08/003/00015,1889-02-16 – 1889-11-09,https://digitarq.arquivos.pt/fileViewer/bdc2604680df4d20ac6b6d6fe53bed9c?isRepresentation=false,https://digitarq.arquivos.pt/documentDetails/bdc2604680df4d20ac6b6d6fe53bed9c
Forno Telheiro,clb08,Registos de óbitos,PT/ADGRD/PRQ/PCLB08/003/00016,1890-01-07 – 1890-12-29,https://digitarq.arquivos.pt/fileViewer/4961fee715004d678224dee8b14763e7?isRepresentation=false,https://digitarq.arquivos.pt/documentDetails/4961fee715004d678224dee8b14763e7
Forno Telheiro,clb08,Registos de óbitos,PT/ADGRD/PRQ/PCLB08/003/00017,1891-02-18 – 1891-12-22,https://digitarq.arquivos.pt/fileViewer/0fadf3daf40e4809b0be3269d034b5d0?isRepresentation=false,https://digitarq.arquivos.pt/documentDetails/0fadf3daf40e4809b0be3269d034b5d0
Forno Telheiro,clb08,Registos de óbitos,PT/ADGRD/PRQ/PCLB08/003/00018,1892-01-14 – 1892-12-30,https://digitarq.arquivos.pt/fileViewer/05877342d7a44c8fb71164537bd32767?isRepresentation=false,https://digitarq.arquivos.pt/documentDetails/05877342d7a44c8fb71164537bd32767
Forno Telheiro,clb08,Registos de óbitos,PT/ADGRD/PRQ/PCLB08/003/00019,1893-02-03 – 1893-11-30,https://digitarq.arquivos.pt/fileViewer/6758465be5104fef85be96d5cf0d3b0f?isRepresentation=false,https://digitarq.arquivos.pt/documentDetails/6758465be5104fef85be96d5cf0d3b0f
Forno Telheiro,clb08,Registos de óbitos,PT/ADGRD/PRQ/PCLB08/003/00020,1894-01-27 – 1894-12-26,https://digitarq.arquivos.pt/fileViewer/a2219e0cf676487a840edeb61750899d?isRepresentation=false,https://digitarq.arquivos.pt/documentDetails/a2219e0cf676487a840edeb61750899d
Forno Telheiro,clb08,Registos de óbitos,PT/ADGRD/PRQ/PCLB08/003/00021,1895-01-31 – 1895-12-17,https://digitarq.arquivos.pt/fileViewer/695b41733f224c379661c0b06b0bc2a8?isRepresentation=false,https://digitarq.arquivos.pt/documentDetails/695b41733f224c379661c0b06b0bc2a8
Forno Telheiro,clb08,Registos de óbitos,PT/ADGRD/PRQ/PCLB08/003/00022,1896-01-28 – 1896-11-08,https://digitarq.arquivos.pt/fileViewer/64eca67e19824b1ebefa0a080cf39531?isRepresentation=false,https://digitarq.arquivos.pt/documentDetails/64eca67e19824b1ebefa0a080cf39531
Forno Telheiro,clb08,Registos de óbitos,PT/ADGRD/PRQ/PCLB08/003/00023,1897-01-23 – 1897-12-16,https://digitarq.arquivos.pt/fileViewer/c6be2c0e5aee451c9b9339a41331c3fe?isRepresentation=false,https://digitarq.arquivos.pt/documentDetails/c6be2c0e5aee451c9b9339a41331c3fe
Forno Telheiro,clb08,Registos de óbitos,PT/ADGRD/PRQ/PCLB08/003/00024,1898-01-01 – 1898-12-13,https://digitarq.arquivos.pt/fileViewer/6056c594f5854334a327b91449a301cd?isRepresentation=false,https://digitarq.arquivos.pt/documentDetails/6056c594f5854334a327b91449a301cd
Forno Telheiro,clb08,Registos de óbitos,PT/ADGRD/PRQ/PCLB08/003/00025,1899-01-05 – 1899-12-12,https://digitarq.arquivos.pt/fileViewer/45759044cb4f41ecaa68ebe704dfc49a?isRepresentation=false,https://digitarq.arquivos.pt/documentDetails/45759044cb4f41ecaa68ebe704dfc49a
Forno Telheiro,clb08,Registos de óbitos,PT/ADGRD/PRQ/PCLB08/003/00026,1900-02-01 – 1900-11-30,https://digitarq.arquivos.pt/fileViewer/d44d48c697c14c6c9e708311e21d323b?isRepresentation=false,https://digitarq.arquivos.pt/documentDetails/d44d48c697c14c6c9e708311e21d323b
Forno Telheiro,clb08,Registos de óbitos,PT/ADGRD/PRQ/PCLB08/003/00027,1901-01-24 – 1901-12-21,https://digitarq.arquivos.pt/fileViewer/04da165c976d4357950df465f3531270?isRepresentation=false,https://digitarq.arquivos.pt/documentDetails/04da165c976d4357950df465f3531270
Forno Telheiro,clb08,Registos de óbitos,PT/ADGRD/PRQ/PCLB08/003/00028,1902-01-10 – 1902-12-27,https://digitarq.arquivos.pt/fileViewer/e9a2ca18e93344a0815e8abe43a32091?isRepresentation=false,https://digitarq.arquivos.pt/documentDetails/e9a2ca18e93344a0815e8abe43a32091
Forno Telheiro,clb08,Registos de óbitos,PT/ADGRD/PRQ/PCLB08/003/00029,1903-01-04 – 1903-12-05,https://digitarq.arquivos.pt/fileViewer/2d8196e4603d496c9a26a5c47c55ec02?isRepresentation=false,https://digitarq.arquivos.pt/documentDetails/2d8196e4603d496c9a26a5c47c55ec02
Forno Telheiro,clb08,Registos de óbitos,PT/ADGRD/PRQ/PCLB08/003/00030,1904-01-12 – 1904-12-23,https://digitarq.arquivos.pt/fileViewer/7f59c50ee30547aeb733b3ede898b258?isRepresentation=false,https://digitarq.arquivos.pt/documentDetails/7f59c50ee30547aeb733b3ede898b258
Forno Telheiro,clb08,Registos de óbitos,PT/ADGRD/PRQ/PCLB08/003/00031,1905-03-13 – 1905-12-09,https://digitarq.arquivos.pt/fileViewer/786e624f62df45509ed8ec70ea5112d8?isRepresentation=false,https://digitarq.arquivos.pt/documentDetails/786e624f62df45509ed8ec70ea5112d8
Forno Telheiro,clb08,Registos de óbitos,PT/ADGRD/PRQ/PCLB08/003/00032,1906-01-27 – 1906-12-27,https://digitarq.arquivos.pt/fileViewer/287a731e6bfb4a21857c18d090c3ba6e?isRepresentation=false,https://digitarq.arquivos.pt/documentDetails/287a731e6bfb4a21857c18d090c3ba6e
Forno Telheiro,clb08,Registos de óbitos,PT/ADGRD/PRQ/PCLB08/003/00033,1907-01-09 – 1907-12-29,https://digitarq.arquivos.pt/fileViewer/18c784d658264d5b8054e0ec48bbfdd4?isRepresentation=false,https://digitarq.arquivos.pt/documentDetails/18c784d658264d5b8054e0ec48bbfdd4
Forno Telheiro,clb08,Registos de óbitos,PT/ADGRD/PRQ/PCLB08/003/00034,1908-01-18 – 1908-12-14,https://digitarq.arquivos.pt/fileViewer/b7140c60dd4a4192bd962425fcb811e1?isRepresentation=false,https://digitarq.arquivos.pt/documentDetails/b7140c60dd4a4192bd962425fcb811e1
Forno Telheiro,clb08,Registos de óbitos,PT/ADGRD/PRQ/PCLB08/003/00035,1909-01-16 – 1909-12-31,https://digitarq.arquivos.pt/fileViewer/26eadf0a2f0a46d9ba9f8a605164a3c4?isRepresentation=false,https://digitarq.arquivos.pt/documentDetails/26eadf0a2f0a46d9ba9f8a605164a3c4
Forno Telheiro,clb08,Registos de óbitos,PT/ADGRD/PRQ/PCLB08/003/00036,1910-02-05 – 1910-12-17,https://digitarq.arquivos.pt/fileViewer/46c1b9fe2980418cb4652e4bd19def54?isRepresentation=false,https://digitarq.arquivos.pt/documentDetails/46c1b9fe2980418cb4652e4bd19def54
Forno Telheiro,clb08,Registos de óbitos,PT/ADGRD/PRQ/PCLB08/003/00037,1911-02-12 – 1911-02-12,https://digitarq.arquivos.pt/fileViewer/14e8b00520724f1ca114c2c8101ba17c?isRepresentation=false,https://digitarq.arquivos.pt/documentDetails/14e8b00520724f1ca114c2c8101ba17c
Forno Telheiro,clb08,Registos de óbitos,"Após 1911, vigoram os livros do Registo Civil localizados a nível concelhio.",1911-04-01 –,/m/clb,
Jejua,clb09,Registos de óbitos,PT/TT/PRQ/PCLB09/003/O1,1743-01-01 – 1769-12-31,https://digitarq.arquivos.pt/fileViewer/ff3f3c2ded5e470289a44b9d7dac44c3?isRepresentation=false,https://digitarq.arquivos.pt/documentDetails/ff3f3c2ded5e470289a44b9d7dac44c3
Jejua,clb09,Registos de óbitos,PT/TT/PRQ/PCLB09/003/O2,1779-01-01 – 1811-12-31,https://digitarq.arquivos.pt/fileViewer/ef49d4426cab48a58f1abbc4ac782277?isRepresentation=false,https://digitarq.arquivos.pt/documentDetails/ef49d4426cab48a58f1abbc4ac782277
Jejua,clb09,Registos de óbitos,PT/TT/PRQ/PCLB09/003/O3,1811-01-01 – 1844-12-31,https://digitarq.arquivos.pt/fileViewer/f94cfeee16c84e5097e12c082faabfc1?isRepresentation=false,https://digitarq.arquivos.pt/documentDetails/f94cfeee16c84e5097e12c082faabfc1
Jejua,clb09,Registos de óbitos,PT/TT/PRQ/PCLB09/003/O4,1844-01-01 – 1859-12-31,https://digitarq.arquivos.pt/fileViewer/24c7cf8d608441de902f78b3fea74435?isRepresentation=false,https://digitarq.arquivos.pt/documentDetails/24c7cf8d608441de902f78b3fea74435
Jejua,clb09,Registos de óbitos,PT/ADGRD/PRQ/PCLB09/003/00001,1860-01-18 – 1860-12-12,https://digitarq.arquivos.pt/fileViewer/76c091aaa91b4a65b9d7ddd316b17ed4?isRepresentation=false,https://digitarq.arquivos.pt/documentDetails/76c091aaa91b4a65b9d7ddd316b17ed4
Jejua,clb09,Registos de óbitos,PT/ADGRD/PRQ/PCLB09/003/00002,1861-01-25 – 1861-12-27,https://digitarq.arquivos.pt/fileViewer/582c262ccb8c4f87893e0ad3bace265b?isRepresentation=false,https://digitarq.arquivos.pt/documentDetails/582c262ccb8c4f87893e0ad3bace265b
Jejua,clb09,Registos de óbitos,PT/ADGRD/PRQ/PCLB09/003/00003,1862-01-19 – 1862-09-13,https://digitarq.arquivos.pt/fileViewer/90047c2dda28477ba75910a6287f3e0c?isRepresentation=false,https://digitarq.arquivos.pt/documentDetails/90047c2dda28477ba75910a6287f3e0c
Jejua,clb09,Registos de óbitos,PT/ADGRD/PRQ/PCLB09/003/00004,1863-01-29 – 1863-10-25,https://digitarq.arquivos.pt/fileViewer/cc7da1bf38e147d4acdab4b836fc3dd4?isRepresentation=false,https://digitarq.arquivos.pt/documentDetails/cc7da1bf38e147d4acdab4b836fc3dd4
Jejua,clb09,Registos de óbitos,PT/ADGRD/PRQ/PCLB09/003/00005,1864-01-11 – 1864-12-19,https://digitarq.arquivos.pt/fileViewer/e1d2a304aa64454a9b4dd64f33345cfd?isRepresentation=false,https://digitarq.arquivos.pt/documentDetails/e1d2a304aa64454a9b4dd64f33345cfd
Jejua,clb09,Registos de óbitos,PT/ADGRD/PRQ/PCLB09/003/00006,1865-02-19 – 1865-11-11,https://digitarq.arquivos.pt/fileViewer/8ad11997d5674cfe99c8b2cbe72f75ef?isRepresentation=false,https://digitarq.arquivos.pt/documentDetails/8ad11997d5674cfe99c8b2cbe72f75ef
Jejua,clb09,Registos de óbitos,PT/ADGRD/PRQ/PCLB09/003/00007,1866-02-21 – 1866-12-31,https://digitarq.arquivos.pt/fileViewer/41636ef7d3cb400697d07dbb6a384ca0?isRepresentation=false,https://digitarq.arquivos.pt/documentDetails/41636ef7d3cb400697d07dbb6a384ca0
Jejua,clb09,Registos de óbitos,PT/ADGRD/PRQ/PCLB09/003/00008,1867-02-01 – 1867-10-28,https://digitarq.arquivos.pt/fileViewer/761e42344e184def9cf8fd6639463666?isRepresentation=false,https://digitarq.arquivos.pt/documentDetails/761e42344e184def9cf8fd6639463666
Jejua,clb09,Registos de óbitos,PT/ADGRD/PRQ/PCLB09/003/00009,1868-02-28 – 1868-12-19,https://digitarq.arquivos.pt/fileViewer/df3623a123fe4032ba02288ae6a5684f?isRepresentation=false,https://digitarq.arquivos.pt/documentDetails/df3623a123fe4032ba02288ae6a5684f
Jejua,clb09,Registos de óbitos,PT/ADGRD/PRQ/PCLB09/003/00010,1869-01-07 – 1869-11-27,https://digitarq.arquivos.pt/fileViewer/0b9516d76983454698c7f330d59be374?isRepresentation=false,https://digitarq.arquivos.pt/documentDetails/0b9516d76983454698c7f330d59be374
Jejua,clb09,Registos de óbitos,PT/ADGRD/PRQ/PCLB09/003/00011,1870-01-22 – 1870-10-24,https://digitarq.arquivos.pt/fileViewer/5ed713a368b64c328bf7838d538da0f1?isRepresentation=false,https://digitarq.arquivos.pt/documentDetails/5ed713a368b64c328bf7838d538da0f1
Jejua,clb09,Registos de óbitos,PT/ADGRD/PRQ/PCLB09/003/00012,1871-01-23 – 1871-12-22,https://digitarq.arquivos.pt/fileViewer/4d4edb9a6bde44329e760f70770d510b?isRepresentation=false,https://digitarq.arquivos.pt/documentDetails/4d4edb9a6bde44329e760f70770d510b
Jejua,clb09,Registos de óbitos,PT/ADGRD/PRQ/PCLB09/003/00013,1872-04-17 – 1872-12-27,https://digitarq.arquivos.pt/fileViewer/98ee0693e26047d594a42871608c6bd9?isRepresentation=false,https://digitarq.arquivos.pt/documentDetails/98ee0693e26047d594a42871608c6bd9
Jejua,clb09,Registos de óbitos,PT/ADGRD/PRQ/PCLB09/003/00014,1873-01-11 – 1873-12-08,https://digitarq.arquivos.pt/fileViewer/95d3c64ef11e47099cd265442a70af5d?isRepresentation=false,https://digitarq.arquivos.pt/documentDetails/95d3c64ef11e47099cd265442a70af5d
Jejua,clb09,Registos de óbitos,PT/ADGRD/PRQ/PCLB09/003/00015,1874-01-17 – 1874-12-26,https://digitarq.arquivos.pt/fileViewer/426eafb9b1394cc8abf2cdbdd51e5f9b?isRepresentation=false,https://digitarq.arquivos.pt/documentDetails/426eafb9b1394cc8abf2cdbdd51e5f9b
Jejua,clb09,Registos de óbitos,PT/ADGRD/PRQ/PCLB09/003/00016,1875-05-29 – 1875-12-19,https://digitarq.arquivos.pt/fileViewer/b57232ddb72b49c0880f0ab8f7a368c1?isRepresentation=false,https://digitarq.arquivos.pt/documentDetails/b57232ddb72b49c0880f0ab8f7a368c1
Jejua,clb09,Registos de óbitos,PT/ADGRD/PRQ/PCLB09/003/00017,1876-01-10 – 1876-12-25,https://digitarq.arquivos.pt/fileViewer/60a23a9196364b8eb35a9b81825ff3fb?isRepresentation=false,https://digitarq.arquivos.pt/documentDetails/60a23a9196364b8eb35a9b81825ff3fb
Jejua,clb09,Registos de óbitos,PT/ADGRD/PRQ/PCLB09/003/00018,1877-01-29 – 1877-11-06,https://digitarq.arquivos.pt/fileViewer/3bc05a6efa574c0094c84e1859417538?isRepresentation=false,https://digitarq.arquivos.pt/documentDetails/3bc05a6efa574c0094c84e1859417538
Jejua,clb09,Registos de óbitos,PT/ADGRD/PRQ/PCLB09/003/00019,1878-01-14 – 1878-12-18,https://digitarq.arquivos.pt/fileViewer/34cbecdd7315486689a2e668dd6d9772?isRepresentation=false,https://digitarq.arquivos.pt/documentDetails/34cbecdd7315486689a2e668dd6d9772
Jejua,clb09,Registos de óbitos,PT/ADGRD/PRQ/PCLB09/003/00020,1879-01-28 – 1879-12-31,https://digitarq.arquivos.pt/fileViewer/45ed2bf90e5045d9ab458e9c62337a44?isRepresentation=false,https://digitarq.arquivos.pt/documentDetails/45ed2bf90e5045d9ab458e9c62337a44
Jejua,clb09,Registos de óbitos,PT/ADGRD/PRQ/PCLB09/003/00021,1880-02-13 – 1880-10-06,https://digitarq.arquivos.pt/fileViewer/e4e05531d58140fda34b94e1ffbd000d?isRepresentation=false,https://digitarq.arquivos.pt/documentDetails/e4e05531d58140fda34b94e1ffbd000d
Jejua,clb09,Registos de óbitos,PT/ADGRD/PRQ/PCLB09/003/00022,1881-02-13 – 1881-10-05,https://digitarq.arquivos.pt/fileViewer/fe1bcd9208584e2fa0825e6be3eee3f8?isRepresentation=false,https://digitarq.arquivos.pt/documentDetails/fe1bcd9208584e2fa0825e6be3eee3f8
Jejua,clb09,Registos de óbitos,PT/ADGRD/PRQ/PCLB09/003/00023,1882-03-04 – 1882-09-21,https://digitarq.arquivos.pt/fileViewer/5d2929f56f1c47ae8eb2cc29c95b0114?isRepresentation=false,https://digitarq.arquivos.pt/documentDetails/5d2929f56f1c47ae8eb2cc29c95b0114
Jejua,clb09,Registos de óbitos,PT/ADGRD/PRQ/PCLB09/003/00024,1883-01-22 – 1883-12-17,https://digitarq.arquivos.pt/fileViewer/3f0155a40dd84f5face39a9953d9b8cb?isRepresentation=false,https://digitarq.arquivos.pt/documentDetails/3f0155a40dd84f5face39a9953d9b8cb
Jejua,clb09,Registos de óbitos,PT/ADGRD/PRQ/PCLB09/003/00025,1884-01-06 – 1884-12-15,https://digitarq.arquivos.pt/fileViewer/90e59cab20464e2d835c8ff4cddd4bf1?isRepresentation=false,https://digitarq.arquivos.pt/documentDetails/90e59cab20464e2d835c8ff4cddd4bf1
Jejua,clb09,Registos de óbitos,PT/ADGRD/PRQ/PCLB09/003/00026,1885-02-02 – 1885-10-02,https://digitarq.arquivos.pt/fileViewer/f3d1ca3ef13f41678436796a44412e9f?isRepresentation=false,https://digitarq.arquivos.pt/documentDetails/f3d1ca3ef13f41678436796a44412e9f
Jejua,clb09,Registos de óbitos,PT/ADGRD/PRQ/PCLB09/003/00027,1886-01-05 – 1886-11-30,https://digitarq.arquivos.pt/fileViewer/0c1d94b6546141e9ac67db37ce323f45?isRepresentation=false,https://digitarq.arquivos.pt/documentDetails/0c1d94b6546141e9ac67db37ce323f45
Jejua,clb09,Registos de óbitos,PT/ADGRD/PRQ/PCLB09/003/00028,1887-01-06 – 1887-11-16,https://digitarq.arquivos.pt/fileViewer/f4bc6b38f0dd4c57b438319aff291a65?isRepresentation=false,https://digitarq.arquivos.pt/documentDetails/f4bc6b38f0dd4c57b438319aff291a65
Jejua,clb09,Registos de óbitos,PT/ADGRD/PRQ/PCLB09/003/00029,1888-01-04 – 1888-12-05,https://digitarq.arquivos.pt/fileViewer/2ab8ecbbfa364cb8bab552998103899e?isRepresentation=false,https://digitarq.arquivos.pt/documentDetails/2ab8ecbbfa364cb8bab552998103899e
Jejua,clb09,Registos de óbitos,PT/ADGRD/PRQ/PCLB09/003/00030,1889-06-22 – 1889-12-13,https://digitarq.arquivos.pt/fileViewer/3f150f65cba044a0adbb92e5db1c989f?isRepresentation=false,https://digitarq.arquivos.pt/documentDetails/3f150f65cba044a0adbb92e5db1c989f
Jejua,clb09,Registos de óbitos,PT/ADGRD/PRQ/PCLB09/003/00031,1890-03-07 – 1890-12-18,https://digitarq.arquivos.pt/fileViewer/97ddffbe8753496290dd16c6f2630921?isRepresentation=false,https://digitarq.arquivos.pt/documentDetails/97ddffbe8753496290dd16c6f2630921
Jejua,clb09,Registos de óbitos,PT/ADGRD/PRQ/PCLB09/003/00032,1891-01-19 – 1891-10-27,https://digitarq.arquivos.pt/fileViewer/35e561ae7ae54b4aa543d445762bc537?isRepresentation=false,https://digitarq.arquivos.pt/documentDetails/35e561ae7ae54b4aa543d445762bc537
Jejua,clb09,Registos de óbitos,PT/ADGRD/PRQ/PCLB09/003/00033,1892-03-03 – 1892-12-12,https://digitarq.arquivos.pt/fileViewer/66801636a5d54e9f9bad74aa12b22182?isRepresentation=false,https://digitarq.arquivos.pt/documentDetails/66801636a5d54e9f9bad74aa12b22182
Jejua,clb09,Registos de óbitos,PT/ADGRD/PRQ/PCLB09/003/00034,1893-01-29 – 1893-11-18,https://digitarq.arquivos.pt/fileViewer/0720cdfa7ba44445a40e406d0d1764de?isRepresentation=false,https://digitarq.arquivos.pt/documentDetails/0720cdfa7ba44445a40e406d0d1764de
Jejua,clb09,Registos de óbitos,PT/ADGRD/PRQ/PCLB09/003/00035,1894-01-28 – 1894-12-09,https://digitarq.arquivos.pt/fileViewer/f24dc492e83b423bbc8edf884c5e42bf?isRepresentation=false,https://digitarq.arquivos.pt/documentDetails/f24dc492e83b423bbc8edf884c5e42bf
Jejua,clb09,Registos de óbitos,PT/ADGRD/PRQ/PCLB09/003/00036,1895-03-12 – 1895-12-05,https://digitarq.arquivos.pt/fileViewer/08949478623f4777bd0c3722ec7b4071?isRepresentation=false,https://digitarq.arquivos.pt/documentDetails/08949478623f4777bd0c3722ec7b4071
Jejua,clb09,Registos de óbitos,PT/ADGRD/PRQ/PCLB09/003/00037,1896-01-08 – 1896-12-29,https://digitarq.arquivos.pt/fileViewer/e472135d3cf04fe8bd6fd9bf45d1c6f3?isRepresentation=false,https://digitarq.arquivos.pt/documentDetails/e472135d3cf04fe8bd6fd9bf45d1c6f3
Jejua,clb09,Registos de óbitos,PT/ADGRD/PRQ/PCLB09/003/00038,1897-01-11 – 1897-10-13,https://digitarq.arquivos.pt/fileViewer/6f591f9531cb4754a271a5dc004abe43?isRepresentation=false,https://digitarq.arquivos.pt/documentDetails/6f591f9531cb4754a271a5dc004abe43
Jejua,clb09,Registos de óbitos,PT/ADGRD/PRQ/PCLB09/003/00039,1898-02-03 – 1898-12-23,https://digitarq.arquivos.pt/fileViewer/10752be5d89d4660a4afd92cc5f374ac?isRepresentation=false,https://digitarq.arquivos.pt/documentDetails/10752be5d89d4660a4afd92cc5f374ac
Jejua,clb09,Registos de óbitos,PT/ADGRD/PRQ/PCLB09/003/00040,1899-01-01 – 1899-12-28,https://digitarq.arquivos.pt/fileViewer/40a1f258aaac41bfa2ccc0eba8bffa1c?isRepresentation=false,https://digitarq.arquivos.pt/documentDetails/40a1f258aaac41bfa2ccc0eba8bffa1c
Jejua,clb09,Registos de óbitos,PT/ADGRD/PRQ/PCLB09/003/00041,1900-03-20 – 1900-11-16,https://digitarq.arquivos.pt/fileViewer/cf252c9636d34295bde4c0ad92844944?isRepresentation=false,https://digitarq.arquivos.pt/documentDetails/cf252c9636d34295bde4c0ad92844944
Jejua,clb09,Registos de óbitos,PT/ADGRD/PRQ/PCLB09/003/00042,1901-01-22 – 1901-10-31,https://digitarq.arquivos.pt/fileViewer/c7a33dad6081460a9748dbe24b3a6e89?isRepresentation=false,https://digitarq.arquivos.pt/documentDetails/c7a33dad6081460a9748dbe24b3a6e89
Jejua,clb09,Registos de óbitos,PT/ADGRD/PRQ/PCLB09/003/00043,1902-01-01 – 1902-12-31,https://digitarq.arquivos.pt/fileViewer/69a7cc20de3040ea8e4d50b59713b748?isRepresentation=false,https://digitarq.arquivos.pt/documentDetails/69a7cc20de3040ea8e4d50b59713b748
Jejua,clb09,Registos de óbitos,PT/ADGRD/PRQ/PCLB09/003/00044,1903-01-01 – 1903-12-26,https://digitarq.arquivos.pt/fileViewer/36e1d35ec2a342ffac10c3844a201c72?isRepresentation=false,https://digitarq.arquivos.pt/documentDetails/36e1d35ec2a342ffac10c3844a201c72
Jejua,clb09,Registos de óbitos,PT/ADGRD/PRQ/PCLB09/003/00045,1904-02-04 – 1904-11-25,https://digitarq.arquivos.pt/fileViewer/6ccc36c867a34ca8a8e1971c58721507?isRepresentation=false,https://digitarq.arquivos.pt/documentDetails/6ccc36c867a34ca8a8e1971c58721507
Jejua,clb09,Registos de óbitos,PT/ADGRD/PRQ/PCLB09/003/00046,1905-06-22 – 1905-10-30,https://digitarq.arquivos.pt/fileViewer/336b970d82834a319fd84ab7dac30595?isRepresentation=false,https://digitarq.arquivos.pt/documentDetails/336b970d82834a319fd84ab7dac30595
Jejua,clb09,Registos de óbitos,PT/ADGRD/PRQ/PCLB09/003/00047,1906-01-30 – 1906-12-27,https://digitarq.arquivos.pt/fileViewer/24726d234db74423ad97d1cd15138510?isRepresentation=false,https://digitarq.arquivos.pt/documentDetails/24726d234db74423ad97d1cd15138510
Jejua,clb09,Registos de óbitos,PT/ADGRD/PRQ/PCLB09/003/00048,1907-01-01 – 1907-12-26,https://digitarq.arquivos.pt/fileViewer/e51c233c71284493bd9f00eb753b52c2?isRepresentation=false,https://digitarq.arquivos.pt/documentDetails/e51c233c71284493bd9f00eb753b52c2
Jejua,clb09,Registos de óbitos,PT/ADGRD/PRQ/PCLB09/003/00049,1908-01-26 – 1908-12-02,https://digitarq.arquivos.pt/fileViewer/0c1af885f0ce407ca6b01be0c12f12a6?isRepresentation=false,https://digitarq.arquivos.pt/documentDetails/0c1af885f0ce407ca6b01be0c12f12a6
Jejua,clb09,Registos de óbitos,PT/ADGRD/PRQ/PCLB09/003/00050,1909-03-01 – 1909-12-20,https://digitarq.arquivos.pt/fileViewer/23533f034cbf430298469ffd26ad0c24?isRepresentation=false,https://digitarq.arquivos.pt/documentDetails/23533f034cbf430298469ffd26ad0c24
Jejua,clb09,Registos de óbitos,PT/ADGRD/PRQ/PCLB09/003/00051,1910-02-06 – 1910-12-06,https://digitarq.arquivos.pt/fileViewer/5c61ce6204b048c6a0a13b7ef6909931?isRepresentation=false,https://digitarq.arquivos.pt/documentDetails/5c61ce6204b048c6a0a13b7ef6909931
Jejua,clb09,Registos de óbitos,PT/ADGRD/PRQ/PCLB09/003/00052,1911-01-13 – 1911-01-31,https://digitarq.arquivos.pt/fileViewer/edaba5a2c0754d4496495c29695905d3?isRepresentation=false,https://digitarq.arquivos.pt/documentDetails/edaba5a2c0754d4496495c29695905d3
Jejua,clb09,Registos de óbitos,"Após 1911, vigoram os livros do Registo Civil localizados a nível concelhio.",1911-04-01 –,/m/clb,
Lajeosa do Mondego,clb10,Registos de óbitos,PT/TT/PRQ/PCLB10/003/O1,1705-01-01 – 1769-12-31,https://digitarq.arquivos.pt/fileViewer/ec0cd01e9cec4466a7cc5a3d62ebfd19?isRepresentation=false,https://digitarq.arquivos.pt/documentDetails/ec0cd01e9cec4466a7cc5a3d62ebfd19
Lajeosa do Mondego,clb10,Registos de óbitos,PT/TT/PRQ/PCLB10/003/O2,1769-01-01 – 1839-12-31,https://digitarq.arquivos.pt/fileViewer/c7f3b71c97d444f6bdab4c71d4e1efc6?isRepresentation=false,https://digitarq.arquivos.pt/documentDetails/c7f3b71c97d444f6bdab4c71d4e1efc6
Lajeosa do Mondego,clb10,Registos de óbitos,PT/ADGRD/PRQ/PCLB10/003/00001,1839-08-05 – 1859-12-10,https://digitarq.arquivos.pt/fileViewer/ee688317fcfa402dae99f396b30d123d?isRepresentation=false,https://digitarq.arquivos.pt/documentDetails/ee688317fcfa402dae99f396b30d123d
Lajeosa do Mondego,clb10,Registos de óbitos,PT/ADGRD/PRQ/PCLB10/003/00002,1860-03-17 – 1860-07-16,https://digitarq.arquivos.pt/fileViewer/7cf5c5760a504835b3a0a8a743d119cb?isRepresentation=false,https://digitarq.arquivos.pt/documentDetails/7cf5c5760a504835b3a0a8a743d119cb
Lajeosa do Mondego,clb10,Registos de óbitos,PT/ADGRD/PRQ/PCLB10/003/00003,1861-01-04 – 1861-12-29,https://digitarq.arquivos.pt/fileViewer/675917340ce4401e9b9f3139a98c1363?isRepresentation=false,https://digitarq.arquivos.pt/documentDetails/675917340ce4401e9b9f3139a98c1363
Lajeosa do Mondego,clb10,Registos de óbitos,PT/ADGRD/PRQ/PCLB10/003/00004,1862-01-15 – 1862-10-25,https://digitarq.arquivos.pt/fileViewer/f9570bbae5b047a89736b9ac44d5dac6?isRepresentation=false,https://digitarq.arquivos.pt/documentDetails/f9570bbae5b047a89736b9ac44d5dac6
Lajeosa do Mondego,clb10,Registos de óbitos,PT/ADGRD/PRQ/PCLB10/003/00005,1863-02-16 – 1863-12-15,https://digitarq.arquivos.pt/fileViewer/082ebe612db54470b510025ffea213d2?isRepresentation=false,https://digitarq.arquivos.pt/documentDetails/082ebe612db54470b510025ffea213d2
Lajeosa do Mondego,clb10,Registos de óbitos,PT/ADGRD/PRQ/PCLB10/003/00006,1864-03-07 – 1864-12-27,https://digitarq.arquivos.pt/fileViewer/082a825645624c69b59f50c548837b6a?isRepresentation=false,https://digitarq.arquivos.pt/documentDetails/082a825645624c69b59f50c548837b6a
Lajeosa do Mondego,clb10,Registos de óbitos,PT/ADGRD/PRQ/PCLB10/003/00007,1865-02-28 – 1865-12-28,https://digitarq.arquivos.pt/fileViewer/ebe8fa2c3ee8496c9a65e20292b42bc1?isRepresentation=false,https://digitarq.arquivos.pt/documentDetails/ebe8fa2c3ee8496c9a65e20292b42bc1
Lajeosa do Mondego,clb10,Registos de óbitos,PT/ADGRD/PRQ/PCLB10/003/00008,1866-02-17 – 1866-12-31,https://digitarq.arquivos.pt/fileViewer/21f6c72b5f624768b57fdff901a2a93a?isRepresentation=false,https://digitarq.arquivos.pt/documentDetails/21f6c72b5f624768b57fdff901a2a93a
Lajeosa do Mondego,clb10,Registos de óbitos,PT/ADGRD/PRQ/PCLB10/003/00009,1867-02-16 – 1867-12-21,https://digitarq.arquivos.pt/fileViewer/0f419715a7894677bac1d18e736d966f?isRepresentation=false,https://digitarq.arquivos.pt/documentDetails/0f419715a7894677bac1d18e736d966f
Lajeosa do Mondego,clb10,Registos de óbitos,PT/ADGRD/PRQ/PCLB10/003/00010,1868-01-10 – 1868-12-25,https://digitarq.arquivos.pt/fileViewer/aa35ae17db9b433194ca4228b3d95c21?isRepresentation=false,https://digitarq.arquivos.pt/documentDetails/aa35ae17db9b433194ca4228b3d95c21
Lajeosa do Mondego,clb10,Registos de óbitos,PT/ADGRD/PRQ/PCLB10/003/00011,1869-01-16 – 1869-12-15,https://digitarq.arquivos.pt/fileViewer/895d7c6916de4f43afa44e56d1e9f1c2?isRepresentation=false,https://digitarq.arquivos.pt/documentDetails/895d7c6916de4f43afa44e56d1e9f1c2
Lajeosa do Mondego,clb10,Registos de óbitos,PT/ADGRD/PRQ/PCLB10/003/00012,1870-02-05 – 1870-12-05,https://digitarq.arquivos.pt/fileViewer/e5ab18a936034ba9a8a13dcd47cd01c6?isRepresentation=false,https://digitarq.arquivos.pt/documentDetails/e5ab18a936034ba9a8a13dcd47cd01c6
Lajeosa do Mondego,clb10,Registos de óbitos,PT/ADGRD/PRQ/PCLB10/003/00013,1871-01-10 – 1871-12-20,https://digitarq.arquivos.pt/fileViewer/d33232e6ab024e5b90eb30b6e0eb260f?isRepresentation=false,https://digitarq.arquivos.pt/documentDetails/d33232e6ab024e5b90eb30b6e0eb260f
Lajeosa do Mondego,clb10,Registos de óbitos,PT/ADGRD/PRQ/PCLB10/003/00014,1872-01-13 – 1872-12-28,https://digitarq.arquivos.pt/fileViewer/56250b9613374d02bbea76639ff42cde?isRepresentation=false,https://digitarq.arquivos.pt/documentDetails/56250b9613374d02bbea76639ff42cde
Lajeosa do Mondego,clb10,Registos de óbitos,PT/ADGRD/PRQ/PCLB10/003/00015,1873-01-05 – 1873-12-12,https://digitarq.arquivos.pt/fileViewer/4ea1d6ba066240c689152b89516900d2?isRepresentation=false,https://digitarq.arquivos.pt/documentDetails/4ea1d6ba066240c689152b89516900d2
Lajeosa do Mondego,clb10,Registos de óbitos,PT/ADGRD/PRQ/PCLB10/003/00016,1874-04-05 – 1874-12-30,https://digitarq.arquivos.pt/fileViewer/430308315c2d4fc79fe2549e1558270b?isRepresentation=false,https://digitarq.arquivos.pt/documentDetails/430308315c2d4fc79fe2549e1558270b
Lajeosa do Mondego,clb10,Registos de óbitos,PT/ADGRD/PRQ/PCLB10/003/00017,1875-01-11 – 1875-12-27,https://digitarq.arquivos.pt/fileViewer/e2fd1b10c7f64e6da0d9b9154648b6c8?isRepresentation=false,https://digitarq.arquivos.pt/documentDetails/e2fd1b10c7f64e6da0d9b9154648b6c8
Lajeosa do Mondego,clb10,Registos de óbitos,PT/ADGRD/PRQ/PCLB10/003/00018,1876-01-17 – 1876-12-24,https://digitarq.arquivos.pt/fileViewer/6c607d0beef24b5489a67c05b316db7e?isRepresentation=false,https://digitarq.arquivos.pt/documentDetails/6c607d0beef24b5489a67c05b316db7e
Lajeosa do Mondego,clb10,Registos de óbitos,PT/ADGRD/PRQ/PCLB10/003/00019,1877-01-05 – 1877-12-15,https://digitarq.arquivos.pt/fileViewer/1749894c02e344919fd88b56b1554249?isRepresentation=false,https://digitarq.arquivos.pt/documentDetails/1749894c02e344919fd88b56b1554249
Lajeosa do Mondego,clb10,Registos de óbitos,PT/ADGRD/PRQ/PCLB10/003/00020,1878-01-11 – 1878-12-20,https://digitarq.arquivos.pt/fileViewer/7599618243c449a5a4132c8c16305350?isRepresentation=false,https://digitarq.arquivos.pt/documentDetails/7599618243c449a5a4132c8c16305350
Lajeosa do Mondego,clb10,Registos de óbitos,PT/ADGRD/PRQ/PCLB10/003/00021,1879-01-22 – 1879-12-28,https://digitarq.arquivos.pt/fileViewer/7404a21e356642a69b83b86c7f527460?isRepresentation=false,https://digitarq.arquivos.pt/documentDetails/7404a21e356642a69b83b86c7f527460
Lajeosa do Mondego,clb10,Registos de óbitos,PT/ADGRD/PRQ/PCLB10/003/00022,1880-01-05 – 1880-12-31,https://digitarq.arquivos.pt/fileViewer/b0800497e20d476ca8dceb317147de8e?isRepresentation=false,https://digitarq.arquivos.pt/documentDetails/b0800497e20d476ca8dceb317147de8e
Lajeosa do Mondego,clb10,Registos de óbitos,PT/ADGRD/PRQ/PCLB10/003/00023,1881-01-30 – 1881-12-25,https://digitarq.arquivos.pt/fileViewer/1c8c8e7b5fc54c7fb20fa9cadf83d67d?isRepresentation=false,https://digitarq.arquivos.pt/documentDetails/1c8c8e7b5fc54c7fb20fa9cadf83d67d
Lajeosa do Mondego,clb10,Registos de óbitos,PT/ADGRD/PRQ/PCLB10/003/00024,1882-01-02 – 1882-12-25,https://digitarq.arquivos.pt/fileViewer/1e4eab57a98a452e9ff0b4266ac5662a?isRepresentation=false,https://digitarq.arquivos.pt/documentDetails/1e4eab57a98a452e9ff0b4266ac5662a
Lajeosa do Mondego,clb10,Registos de óbitos,PT/ADGRD/PRQ/PCLB10/003/00025,1883-01-11 – 1883-12-23,https://digitarq.arquivos.pt/fileViewer/fc1a98b3f3714ea7bed50a84aa574d19?isRepresentation=false,https://digitarq.arquivos.pt/documentDetails/fc1a98b3f3714ea7bed50a84aa574d19
Lajeosa do Mondego,clb10,Registos de óbitos,PT/ADGRD/PRQ/PCLB10/003/00026,1884-02-16 – 1884-12-05,https://digitarq.arquivos.pt/fileViewer/6bce22a235c94f23a4893c97e7ccf2e4?isRepresentation=false,https://digitarq.arquivos.pt/documentDetails/6bce22a235c94f23a4893c97e7ccf2e4
Lajeosa do Mondego,clb10,Registos de óbitos,PT/ADGRD/PRQ/PCLB10/003/00027,1885-01-19 – 1885-12-29,https://digitarq.arquivos.pt/fileViewer/45dad1c827ef4badb1e3d5a44f45ea4d?isRepresentation=false,https://digitarq.arquivos.pt/documentDetails/45dad1c827ef4badb1e3d5a44f45ea4d
Lajeosa do Mondego,clb10,Registos de óbitos,PT/ADGRD/PRQ/PCLB10/003/00028,1886-01-02 – 1886-11-29,https://digitarq.arquivos.pt/fileViewer/d5c5ca5adc1740189973a9643ec0060c?isRepresentation=false,https://digitarq.arquivos.pt/documentDetails/d5c5ca5adc1740189973a9643ec0060c
Lajeosa do Mondego,clb10,Registos de óbitos,PT/ADGRD/PRQ/PCLB10/003/00029,1887-02-05 – 1887-12-23,https://digitarq.arquivos.pt/fileViewer/f688cdb9d96e4d79a8771dea41bebd75?isRepresentation=false,https://digitarq.arquivos.pt/documentDetails/f688cdb9d96e4d79a8771dea41bebd75
Lajeosa do Mondego,clb10,Registos de óbitos,PT/ADGRD/PRQ/PCLB10/003/00030,1888-01-08 – 1888-12-25,https://digitarq.arquivos.pt/fileViewer/7fadb82ea6c04f868feca283ec9f2d84?isRepresentation=false,https://digitarq.arquivos.pt/documentDetails/7fadb82ea6c04f868feca283ec9f2d84
Lajeosa do Mondego,clb10,Registos de óbitos,PT/ADGRD/PRQ/PCLB10/003/00031,1889-01-04 – 1889-11-04,https://digitarq.arquivos.pt/fileViewer/dab2cd4a99c7486699e5a9b8d101b873?isRepresentation=false,https://digitarq.arquivos.pt/documentDetails/dab2cd4a99c7486699e5a9b8d101b873
Lajeosa do Mondego,clb10,Registos de óbitos,PT/ADGRD/PRQ/PCLB10/003/00032,1890-01-23 – 1890-12-30,https://digitarq.arquivos.pt/fileViewer/f8c8660dda51439b9d307ea62780c963?isRepresentation=false,https://digitarq.arquivos.pt/documentDetails/f8c8660dda51439b9d307ea62780c963
Lajeosa do Mondego,clb10,Registos de óbitos,PT/ADGRD/PRQ/PCLB10/003/00033,1891-01-21 – 1891-11-15,https://digitarq.arquivos.pt/fileViewer/1c13e9d2265f4d34ad02ffdf19bb9630?isRepresentation=false,https://digitarq.arquivos.pt/documentDetails/1c13e9d2265f4d34ad02ffdf19bb9630
Lajeosa do Mondego,clb10,Registos de óbitos,PT/ADGRD/PRQ/PCLB10/003/00034,1892-01-04 – 1892-12-21,https://digitarq.arquivos.pt/fileViewer/b1e55979f5c840bcaa1f6f8f64144ae7?isRepresentation=false,https://digitarq.arquivos.pt/documentDetails/b1e55979f5c840bcaa1f6f8f64144ae7
Lajeosa do Mondego,clb10,Registos de óbitos,PT/ADGRD/PRQ/PCLB10/003/00035,1893-01-04 – 1893-12-27,https://digitarq.arquivos.pt/fileViewer/2ca703ead84f49379e15a531caf267d5?isRepresentation=false,https://digitarq.arquivos.pt/documentDetails/2ca703ead84f49379e15a531caf267d5
Lajeosa do Mondego,clb10,Registos de óbitos,PT/ADGRD/PRQ/PCLB10/003/00036,1894-01-20 – 1894-09-15,https://digitarq.arquivos.pt/fileViewer/ecf4c7c6ef78491dbd142a09e18143b6?isRepresentation=false,https://digitarq.arquivos.pt/documentDetails/ecf4c7c6ef78491dbd142a09e18143b6
Lajeosa do Mondego,clb10,Registos de óbitos,PT/ADGRD/PRQ/PCLB10/003/00037,1895-02-10 – 1895-12-10,https://digitarq.arquivos.pt/fileViewer/612f6519e391487c94454f8790cc3abc?isRepresentation=false,https://digitarq.arquivos.pt/documentDetails/612f6519e391487c94454f8790cc3abc
Lajeosa do Mondego,clb10,Registos de óbitos,PT/ADGRD/PRQ/PCLB10/003/00038,1896-02-03 – 1896-11-25,https://digitarq.arquivos.pt/fileViewer/6f8fd41407ec477b9d4a2ffd3248ce86?isRepresentation=false,https://digitarq.arquivos.pt/documentDetails/6f8fd41407ec477b9d4a2ffd3248ce86
Lajeosa do Mondego,clb10,Registos de óbitos,PT/ADGRD/PRQ/PCLB10/003/00039,1897-01-06 – 1897-10-31,https://digitarq.arquivos.pt/fileViewer/e6d60983ce644cdc995576e78590bceb?isRepresentation=false,https://digitarq.arquivos.pt/documentDetails/e6d60983ce644cdc995576e78590bceb
Lajeosa do Mondego,clb10,Registos de óbitos,PT/ADGRD/PRQ/PCLB10/003/00040,1898-01-24 – 1898-10-20,https://digitarq.arquivos.pt/fileViewer/71ca02dbd25e447cb4057d1dd613f558?isRepresentation=false,https://digitarq.arquivos.pt/documentDetails/71ca02dbd25e447cb4057d1dd613f558
Lajeosa do Mondego,clb10,Registos de óbitos,PT/ADGRD/PRQ/PCLB10/003/00041,1899-01-04 – 1899-12-30,https://digitarq.arquivos.pt/fileViewer/5ca84cc5706e4fd989b8ae49d0642422?isRepresentation=false,https://digitarq.arquivos.pt/documentDetails/5ca84cc5706e4fd989b8ae49d0642422
Lajeosa do Mondego,clb10,Registos de óbitos,PT/ADGRD/PRQ/PCLB10/003/00042,1900-01-23 – 1900-12-17,https://digitarq.arquivos.pt/fileViewer/e1ec7d6c016f41b4920737e8cf8c6819?isRepresentation=false,https://digitarq.arquivos.pt/documentDetails/e1ec7d6c016f41b4920737e8cf8c6819
Lajeosa do Mondego,clb10,Registos de óbitos,PT/ADGRD/PRQ/PCLB10/003/00043,1901-01-06 – 1901-12-28,https://digitarq.arquivos.pt/fileViewer/4c2bb4ca01eb4906a9c51a8caea68e03?isRepresentation=false,https://digitarq.arquivos.pt/documentDetails/4c2bb4ca01eb4906a9c51a8caea68e03
Lajeosa do Mondego,clb10,Registos de óbitos,PT/ADGRD/PRQ/PCLB10/003/00044,1902-01-18 – 1902-12-04,https://digitarq.arquivos.pt/fileViewer/5e2b987543a9404aae3f2d3f3361728e?isRepresentation=false,https://digitarq.arquivos.pt/documentDetails/5e2b987543a9404aae3f2d3f3361728e
Lajeosa do Mondego,clb10,Registos de óbitos,PT/ADGRD/PRQ/PCLB10/003/00045,1903-01-13 – 1903-12-29,https://digitarq.arquivos.pt/fileViewer/4bc3fdabe49940c29cfa4d2594b8ccdb?isRepresentation=false,https://digitarq.arquivos.pt/documentDetails/4bc3fdabe49940c29cfa4d2594b8ccdb
Lajeosa do Mondego,clb10,Registos de óbitos,PT/ADGRD/PRQ/PCLB10/003/00046,1904-01-26 – 1904-11-24,https://digitarq.arquivos.pt/fileViewer/f6e8432083184342910f597b1e561552?isRepresentation=false,https://digitarq.arquivos.pt/documentDetails/f6e8432083184342910f597b1e561552
Lajeosa do Mondego,clb10,Registos de óbitos,PT/ADGRD/PRQ/PCLB10/003/00047,1905-01-26 – 1905-11-29,https://digitarq.arquivos.pt/fileViewer/5ad60700478d4853835ebd25695f1501?isRepresentation=false,https://digitarq.arquivos.pt/documentDetails/5ad60700478d4853835ebd25695f1501
Lajeosa do Mondego,clb10,Registos de óbitos,PT/ADGRD/PRQ/PCLB10/003/00048,1906-01-13 – 1906-11-29,https://digitarq.arquivos.pt/fileViewer/0b07cdaba71349839fc90177f0ff6d74?isRepresentation=false,https://digitarq.arquivos.pt/documentDetails/0b07cdaba71349839fc90177f0ff6d74
Lajeosa do Mondego,clb10,Registos de óbitos,PT/ADGRD/PRQ/PCLB10/003/00049,1907-01-15 – 1907-11-24,https://digitarq.arquivos.pt/fileViewer/dd222ceff94b4edf8c7d4a9daab48a3e?isRepresentation=false,https://digitarq.arquivos.pt/documentDetails/dd222ceff94b4edf8c7d4a9daab48a3e
Lajeosa do Mondego,clb10,Registos de óbitos,PT/ADGRD/PRQ/PCLB10/003/00050,1908-02-10 – 1908-12-20,https://digitarq.arquivos.pt/fileViewer/4d8a4c7d343444e5bf6330263e851bc9?isRepresentation=false,https://digitarq.arquivos.pt/documentDetails/4d8a4c7d343444e5bf6330263e851bc9
Lajeosa do Mondego,clb10,Registos de óbitos,PT/ADGRD/PRQ/PCLB10/003/00051,1909-02-23 – 1909-12-11,https://digitarq.arquivos.pt/fileViewer/9cce7f1ef61648ae9022666a4fa11b25?isRepresentation=false,https://digitarq.arquivos.pt/documentDetails/9cce7f1ef61648ae9022666a4fa11b25
Lajeosa do Mondego,clb10,Registos de óbitos,PT/ADGRD/PRQ/PCLB10/003/00052,1910-01-02 – 1910-11-16,https://digitarq.arquivos.pt/fileViewer/1adc5df6325f44619f54164e5fd09511?isRepresentation=false,https://digitarq.arquivos.pt/documentDetails/1adc5df6325f44619f54164e5fd09511
Lajeosa do Mondego,clb10,Registos de óbitos,PT/ADGRD/PRQ/PCLB10/003/00053,1911-01-20 – 1911-03-09,https://digitarq.arquivos.pt/fileViewer/eab5285ace574d3eaf17ea3e2732f7e5?isRepresentation=false,https://digitarq.arquivos.pt/documentDetails/eab5285ace574d3eaf17ea3e2732f7e5
Lajeosa do Mondego,clb10,Registos de óbitos,PT/ADGRD/PRQ/PCLB10/003/00054,1911-05-13 – 1911-12-05,https://digitarq.arquivos.pt/fileViewer/1ef41a82a06f4aa3b8b4b96d473016c6?isRepresentation=false,https://digitarq.arquivos.pt/documentDetails/1ef41a82a06f4aa3b8b4b96d473016c6
Lajeosa do Mondego,clb10,Registos de óbitos,"Após 1911, vigoram os livros do Registo Civil localizados a nível concelhio.",1911-04-01 –,/m/clb,
Linhares,clb11,Registos de óbitos,PT/TT/PRQ/PCLB11/003/O1,1734-01-01 – 1815-12-31,https://digitarq.arquivos.pt/fileViewer/c12a05a7eea348b7b5fa36098f06506b?isRepresentation=false,https://digitarq.arquivos.pt/documentDetails/c12a05a7eea348b7b5fa36098f06506b
Linhares,clb11,Registos de óbitos,PT/ADGRD/PRQ/PCLB11/003/00001,1815-12-08 – 1859-12-16,https://digitarq.arquivos.pt/fileViewer/f0ac718734954a5791ab7e0bb0d4bb42?isRepresentation=false,https://digitarq.arquivos.pt/documentDetails/f0ac718734954a5791ab7e0bb0d4bb42
Linhares,clb11,Registos de óbitos,PT/ADGRD/PRQ/PCLB11/003/00002,1860-01-08 – 1869-12-03,https://digitarq.arquivos.pt/fileViewer/2baf4770f6414e4fb44c4c0e63e30c1f?isRepresentation=false,https://digitarq.arquivos.pt/documentDetails/2baf4770f6414e4fb44c4c0e63e30c1f
Linhares,clb11,Registos de óbitos,PT/ADGRD/PRQ/PCLB11/003/00003,1870-01-11 – 1880-12-28,https://digitarq.arquivos.pt/fileViewer/b653b0583e5644ff8dd9632a2a9ffb3c?isRepresentation=false,https://digitarq.arquivos.pt/documentDetails/b653b0583e5644ff8dd9632a2a9ffb3c
Linhares,clb11,Registos de óbitos,PT/ADGRD/PRQ/PCLB11/003/00004,1881-04-08 – 1881-12-25,https://digitarq.arquivos.pt/fileViewer/c94132db063a43c981bf14898b37dc34?isRepresentation=false,https://digitarq.arquivos.pt/documentDetails/c94132db063a43c981bf14898b37dc34
Linhares,clb11,Registos de óbitos,PT/ADGRD/PRQ/PCLB11/003/00005,1882-01-04 – 1882-12-30,https://digitarq.arquivos.pt/fileViewer/1450c651f6bb4ca48c0ecaa5fc7f9886?isRepresentation=false,https://digitarq.arquivos.pt/documentDetails/1450c651f6bb4ca48c0ecaa5fc7f9886
Linhares,clb11,Registos de óbitos,PT/ADGRD/PRQ/PCLB11/003/00006,1883-01-02 – 1883-12-15,https://digitarq.arquivos.pt/fileViewer/08d62004bf9f46b081cf50c63bbfd556?isRepresentation=false,https://digitarq.arquivos.pt/documentDetails/08d62004bf9f46b081cf50c63bbfd556
Linhares,clb11,Registos de óbitos,PT/ADGRD/PRQ/PCLB11/003/00007,1884-01-08 – 1884-12-09,https://digitarq.arquivos.pt/fileViewer/fbe258de76bd42fa8a68cfbc5014ba43?isRepresentation=false,https://digitarq.arquivos.pt/documentDetails/fbe258de76bd42fa8a68cfbc5014ba43
Linhares,clb11,Registos de óbitos,PT/ADGRD/PRQ/PCLB11/003/00008,1885-01-02 – 1885-12-24,https://digitarq.arquivos.pt/fileViewer/25b889f3cea2463280c18e60c5d7e0b6?isRepresentation=false,https://digitarq.arquivos.pt/documentDetails/25b889f3cea2463280c18e60c5d7e0b6
Linhares,clb11,Registos de óbitos,PT/ADGRD/PRQ/PCLB11/003/00009,1886-01-15 – 1886-11-29,https://digitarq.arquivos.pt/fileViewer/2d5576c012e44d51a78e44194e764592?isRepresentation=false,https://digitarq.arquivos.pt/documentDetails/2d5576c012e44d51a78e44194e764592
Linhares,clb11,Registos de óbitos,PT/ADGRD/PRQ/PCLB11/003/00010,1887-01-01 – 1887-12-28,https://digitarq.arquivos.pt/fileViewer/01511ae663dd4a4a81a9cffd5e58a64b?isRepresentation=false,https://digitarq.arquivos.pt/documentDetails/01511ae663dd4a4a81a9cffd5e58a64b
Linhares,clb11,Registos de óbitos,PT/ADGRD/PRQ/PCLB11/003/00011,1888-01-01 – 1888-11-11,https://digitarq.arquivos.pt/fileViewer/a5df0f874a594516976f941d136d635b?isRepresentation=false,https://digitarq.arquivos.pt/documentDetails/a5df0f874a594516976f941d136d635b
Linhares,clb11,Registos de óbitos,PT/ADGRD/PRQ/PCLB11/003/00012,1889-01-13 – 1889-12-21,https://digitarq.arquivos.pt/fileViewer/2f57c7b5f194409f97cb39bf56d1f97d?isRepresentation=false,https://digitarq.arquivos.pt/documentDetails/2f57c7b5f194409f97cb39bf56d1f97d
Linhares,clb11,Registos de óbitos,PT/ADGRD/PRQ/PCLB11/003/00013,1890-01-15 – 1890-12-24,https://digitarq.arquivos.pt/fileViewer/ecd2ca724e3a4f9fbe8f8eac8d801186?isRepresentation=false,https://digitarq.arquivos.pt/documentDetails/ecd2ca724e3a4f9fbe8f8eac8d801186
Linhares,clb11,Registos de óbitos,PT/ADGRD/PRQ/PCLB11/003/00014,1891-01-02 – 1891-12-22,https://digitarq.arquivos.pt/fileViewer/261149dc0c364eb593e111f2caed1d0f?isRepresentation=false,https://digitarq.arquivos.pt/documentDetails/261149dc0c364eb593e111f2caed1d0f
Linhares,clb11,Registos de óbitos,PT/ADGRD/PRQ/PCLB11/003/00015,1892-01-02 – 1892-12-27,https://digitarq.arquivos.pt/fileViewer/d3003a175c064982a883bc70f2845a28?isRepresentation=false,https://digitarq.arquivos.pt/documentDetails/d3003a175c064982a883bc70f2845a28
Linhares,clb11,Registos de óbitos,PT/ADGRD/PRQ/PCLB11/003/00016,1893-01-18 – 1893-12-26,https://digitarq.arquivos.pt/fileViewer/61d7b1cac0e64f499091353406127ca3?isRepresentation=false,https://digitarq.arquivos.pt/documentDetails/61d7b1cac0e64f499091353406127ca3
Linhares,clb11,Registos de óbitos,PT/ADGRD/PRQ/PCLB11/003/00017,1894-01-18 – 1894-12-08,https://digitarq.arquivos.pt/fileViewer/419f15c4a9e94353982acca9f0ac3a8b?isRepresentation=false,https://digitarq.arquivos.pt/documentDetails/419f15c4a9e94353982acca9f0ac3a8b
Linhares,clb11,Registos de óbitos,PT/ADGRD/PRQ/PCLB11/003/00018,1895-01-04 – 1895-12-24,https://digitarq.arquivos.pt/fileViewer/83e4a19274514481a9e29437bed7537a?isRepresentation=false,https://digitarq.arquivos.pt/documentDetails/83e4a19274514481a9e29437bed7537a
Linhares,clb11,Registos de óbitos,PT/ADGRD/PRQ/PCLB11/003/00019,1896-02-23 – 1896-12-31,https://digitarq.arquivos.pt/fileViewer/340a63dfecdd46c2bf52aa536ffa8e4d?isRepresentation=false,https://digitarq.arquivos.pt/documentDetails/340a63dfecdd46c2bf52aa536ffa8e4d
Linhares,clb11,Registos de óbitos,PT/ADGRD/PRQ/PCLB11/003/00020,1897-01-01 – 1897-12-22,https://digitarq.arquivos.pt/fileViewer/3a4bf04407ef492fbd7f1925e558770a?isRepresentation=false,https://digitarq.arquivos.pt/documentDetails/3a4bf04407ef492fbd7f1925e558770a
Linhares,clb11,Registos de óbitos,PT/ADGRD/PRQ/PCLB11/003/00021,1898-01-04 – 1898-12-22,https://digitarq.arquivos.pt/fileViewer/78cc422403e64de9b69e4c1c538b06de?isRepresentation=false,https://digitarq.arquivos.pt/documentDetails/78cc422403e64de9b69e4c1c538b06de
Linhares,clb11,Registos de óbitos,PT/ADGRD/PRQ/PCLB11/003/00022,1899-01-15 – 1899-11-23,https://digitarq.arquivos.pt/fileViewer/babf04a7cc194c638c4e11c6f9c35397?isRepresentation=false,https://digitarq.arquivos.pt/documentDetails/babf04a7cc194c638c4e11c6f9c35397
Linhares,clb11,Registos de óbitos,PT/ADGRD/PRQ/PCLB11/003/00023,1900-01-01 – 1900-12-05,https://digitarq.arquivos.pt/fileViewer/40b623a30ca240ebb2ab04d672f5bc96?isRepresentation=false,https://digitarq.arquivos.pt/documentDetails/40b623a30ca240ebb2ab04d672f5bc96
Linhares,clb11,Registos de óbitos,PT/ADGRD/PRQ/PCLB11/003/00024,1901-01-14 – 1901-12-14,https://digitarq.arquivos.pt/fileViewer/c4ad36e00eac4dd69f10718df00eec52?isRepresentation=false,https://digitarq.arquivos.pt/documentDetails/c4ad36e00eac4dd69f10718df00eec52
Linhares,clb11,Registos de óbitos,PT/ADGRD/PRQ/PCLB11/003/00025,1902-01-07 – 1902-12-10,https://digitarq.arquivos.pt/fileViewer/696457f0b07d498da7da36ffe720f13b?isRepresentation=false,https://digitarq.arquivos.pt/documentDetails/696457f0b07d498da7da36ffe720f13b
Linhares,clb11,Registos de óbitos,PT/ADGRD/PRQ/PCLB11/003/00026,1903-01-06 – 1903-11-10,https://digitarq.arquivos.pt/fileViewer/3b7bd85346fb459d85238537cdca35a3?isRepresentation=false,https://digitarq.arquivos.pt/documentDetails/3b7bd85346fb459d85238537cdca35a3
Linhares,clb11,Registos de óbitos,PT/ADGRD/PRQ/PCLB11/003/00027,1904-01-12 – 1904-12-02,https://digitarq.arquivos.pt/fileViewer/e91e4a0e78d745bfb0461636b4917720?isRepresentation=false,https://digitarq.arquivos.pt/documentDetails/e91e4a0e78d745bfb0461636b4917720
Linhares,clb11,Registos de óbitos,PT/ADGRD/PRQ/PCLB11/003/00028,1905-01-02 – 1905-12-29,https://digitarq.arquivos.pt/fileViewer/8a8664867c91433484929ee0fdc76249?isRepresentation=false,https://digitarq.arquivos.pt/documentDetails/8a8664867c91433484929ee0fdc76249
Linhares,clb11,Registos de óbitos,PT/ADGRD/PRQ/PCLB11/003/00029,1906-01-25 – 1906-12-26,https://digitarq.arquivos.pt/fileViewer/0b00000ec4214a3d85d62829c171ab45?isRepresentation=false,https://digitarq.arquivos.pt/documentDetails/0b00000ec4214a3d85d62829c171ab45
Linhares,clb11,Registos de óbitos,PT/ADGRD/PRQ/PCLB11/003/00030,1907-01-13 – 1907-12-09,https://digitarq.arquivos.pt/fileViewer/ffa33b15c8ab42ba99db5782ef692a5d?isRepresentation=false,https://digitarq.arquivos.pt/documentDetails/ffa33b15c8ab42ba99db5782ef692a5d
Linhares,clb11,Registos de óbitos,PT/ADGRD/PRQ/PCLB11/003/00031,1908-01-11 – 1908-11-26,https://digitarq.arquivos.pt/fileViewer/5b002414817e4a07bd0212fe0c87ec9d?isRepresentation=false,https://digitarq.arquivos.pt/documentDetails/5b002414817e4a07bd0212fe0c87ec9d
Linhares,clb11,Registos de óbitos,PT/ADGRD/PRQ/PCLB11/003/00032,1909-01-03 – 1909-12-13,https://digitarq.arquivos.pt/fileViewer/eb26c3c21bcb4488a1fc17b3e3b27b76?isRepresentation=false,https://digitarq.arquivos.pt/documentDetails/eb26c3c21bcb4488a1fc17b3e3b27b76
Linhares,clb11,Registos de óbitos,PT/ADGRD/PRQ/PCLB11/003/00033,1910-01-01 – 1910-12-31,https://digitarq.arquivos.pt/fileViewer/b25e946fc78b4fd9b87e860bea138494?isRepresentation=false,https://digitarq.arquivos.pt/documentDetails/b25e946fc78b4fd9b87e860bea138494
Linhares,clb11,Registos de óbitos,"Após 1911, vigoram os livros do Registo Civil localizados a nível concelhio.",1911-04-01 –,/m/clb,
Maçal do Chão,clb12,Registos de óbitos,PT/TT/PRQ/PCLB12/003/O1,1743-01-01 – 1760-12-31,https://digitarq.arquivos.pt/fileViewer/7cdeddef251e46279616e838c1bc4eee?isRepresentation=false,https://digitarq.arquivos.pt/documentDetails/7cdeddef251e46279616e838c1bc4eee
Maçal do Chão,clb12,Registos de óbitos,PT/TT/PRQ/PCLB12/003/O2,1760-01-01 – 1797-12-31,https://digitarq.arquivos.pt/fileViewer/c05356c621744af7a6d882185f930e2f?isRepresentation=false,https://digitarq.arquivos.pt/documentDetails/c05356c621744af7a6d882185f930e2f
Maçal do Chão,clb12,Registos de óbitos,PT/TT/PRQ/PCLB12/003/O3,1797-01-01 – 1820-12-31,https://digitarq.arquivos.pt/fileViewer/eb19839fc34246a0afa8e7543e4cf702?isRepresentation=false,https://digitarq.arquivos.pt/documentDetails/eb19839fc34246a0afa8e7543e4cf702
Maçal do Chão,clb12,Registos de óbitos,PT/TT/PRQ/PCLB12/003/O4,1822-01-01 – 1841-12-31,https://digitarq.arquivos.pt/fileViewer/007cdc0b406e4aa091d04d5fd28e7462?isRepresentation=false,https://digitarq.arquivos.pt/documentDetails/007cdc0b406e4aa091d04d5fd28e7462
Maçal do Chão,clb12,Registos de óbitos,PT/TT/PRQ/PCLB12/003/O5,1840-01-01 – 1859-12-31,https://digitarq.arquivos.pt/fileViewer/4f5a911662e34e659500c354395b2e26?isRepresentation=false,https://digitarq.arquivos.pt/documentDetails/4f5a911662e34e659500c354395b2e26
Maçal do Chão,clb12,Registos de óbitos,PT/ADGRD/PRQ/PCLB12/003/00002,1861-01-03 – 1861-12-04,https://digitarq.arquivos.pt/fileViewer/f587457a50104fac9c07e25bd2293a2a?isRepresentation=false,https://digitarq.arquivos.pt/documentDetails/f587457a50104fac9c07e25bd2293a2a
Maçal do Chão,clb12,Registos de óbitos,PT/ADGRD/PRQ/PCLB12/003/00003,1862-02-03 – 1862-11-10,https://digitarq.arquivos.pt/fileViewer/278a0af14b3e43348e6aec6943c02cae?isRepresentation=false,https://digitarq.arquivos.pt/documentDetails/278a0af14b3e43348e6aec6943c02cae
Maçal do Chão,clb12,Registos de óbitos,PT/ADGRD/PRQ/PCLB12/003/00004,1863-01-24 – 1863-12-16,https://digitarq.arquivos.pt/fileViewer/1e08fb62845f4024b2854168aec8fffa?isRepresentation=false,https://digitarq.arquivos.pt/documentDetails/1e08fb62845f4024b2854168aec8fffa
Maçal do Chão,clb12,Registos de óbitos,PT/ADGRD/PRQ/PCLB12/003/00005,1864-01-22 – 1864-12-14,https://digitarq.arquivos.pt/fileViewer/fb0f0af3cc594ce2817243898da161db?isRepresentation=false,https://digitarq.arquivos.pt/documentDetails/fb0f0af3cc594ce2817243898da161db
Maçal do Chão,clb12,Registos de óbitos,PT/ADGRD/PRQ/PCLB12/003/00006,1865-01-22 – 1865-12-24,https://digitarq.arquivos.pt/fileViewer/9befadfcf08a422d8085ac45a97ea9ce?isRepresentation=false,https://digitarq.arquivos.pt/documentDetails/9befadfcf08a422d8085ac45a97ea9ce
Maçal do Chão,clb12,Registos de óbitos,PT/ADGRD/PRQ/PCLB12/003/00007,1866-01-21 – 1866-12-11,https://digitarq.arquivos.pt/fileViewer/e41078b11157457fab277bbe5e9ad722?isRepresentation=false,https://digitarq.arquivos.pt/documentDetails/e41078b11157457fab277bbe5e9ad722
Maçal do Chão,clb12,Registos de óbitos,PT/ADGRD/PRQ/PCLB12/003/00008,1867-01-12 – 1867-12-24,https://digitarq.arquivos.pt/fileViewer/7e690f67c5e04af2846e852f65d8560c?isRepresentation=false,https://digitarq.arquivos.pt/documentDetails/7e690f67c5e04af2846e852f65d8560c
Maçal do Chão,clb12,Registos de óbitos,PT/ADGRD/PRQ/PCLB12/003/00009,1868-01-13 – 1868-11-20,https://digitarq.arquivos.pt/fileViewer/be605bcf9f164c0db27bac709d499814?isRepresentation=false,https://digitarq.arquivos.pt/documentDetails/be605bcf9f164c0db27bac709d499814
Maçal do Chão,clb12,Registos de óbitos,PT/ADGRD/PRQ/PCLB12/003/00010,1869-02-03 – 1869-12-27,https://digitarq.arquivos.pt/fileViewer/8ec3feb8738f4338897c8672d14aac54?isRepresentation=false,https://digitarq.arquivos.pt/documentDetails/8ec3feb8738f4338897c8672d14aac54
Maçal do Chão,clb12,Registos de óbitos,PT/ADGRD/PRQ/PCLB12/003/00011,1870-01-14 – 1870-11-01,https://digitarq.arquivos.pt/fileViewer/1b42f1696d134eaaa23770f7385e9e68?isRepresentation=false,https://digitarq.arquivos.pt/documentDetails/1b42f1696d134eaaa23770f7385e9e68
Maçal do Chão,clb12,Registos de óbitos,PT/ADGRD/PRQ/PCLB12/003/00012,1871-01-29 – 1871-12-10,https://digitarq.arquivos.pt/fileViewer/cc5be47b4a1e4f3484b4ceb61bd763f8?isRepresentation=false,https://digitarq.arquivos.pt/documentDetails/cc5be47b4a1e4f3484b4ceb61bd763f8
Maçal do Chão,clb12,Registos de óbitos,PT/ADGRD/PRQ/PCLB12/003/00013,1872-03-09 – 1872-12-02,https://digitarq.arquivos.pt/fileViewer/eb49a4f4d6574c0788fa134cab4a80ce?isRepresentation=false,https://digitarq.arquivos.pt/documentDetails/eb49a4f4d6574c0788fa134cab4a80ce
Maçal do Chão,clb12,Registos de óbitos,PT/ADGRD/PRQ/PCLB12/003/00014,1873-02-26 – 1873-12-29,https://digitarq.arquivos.pt/fileViewer/9f11792e4db248df8298a86686933e21?isRepresentation=false,https://digitarq.arquivos.pt/documentDetails/9f11792e4db248df8298a86686933e21
Maçal do Chão,clb12,Registos de óbitos,PT/ADGRD/PRQ/PCLB12/003/00015,1874-05-05 – 1874-12-30,https://digitarq.arquivos.pt/fileViewer/86995c9f375943ecb558860b01ffda64?isRepresentation=false,https://digitarq.arquivos.pt/documentDetails/86995c9f375943ecb558860b01ffda64
Maçal do Chão,clb12,Registos de óbitos,PT/ADGRD/PRQ/PCLB12/003/00016,1875-01-05 – 1875-12-04,https://digitarq.arquivos.pt/fileViewer/a1faaf6aefe44136b332d91d74f1e212?isRepresentation=false,https://digitarq.arquivos.pt/documentDetails/a1faaf6aefe44136b332d91d74f1e212
Maçal do Chão,clb12,Registos de óbitos,PT/ADGRD/PRQ/PCLB12/003/00017,1876-02-07 – 1876-12-24,https://digitarq.arquivos.pt/fileViewer/459cd46414344b9d9e9fa96fb1a76397?isRepresentation=false,https://digitarq.arquivos.pt/documentDetails/459cd46414344b9d9e9fa96fb1a76397
Maçal do Chão,clb12,Registos de óbitos,PT/ADGRD/PRQ/PCLB12/003/00018,1877-01-18 – 1877-11-29,https://digitarq.arquivos.pt/fileViewer/039e278a87bc4876ae04b028b518ae23?isRepresentation=false,https://digitarq.arquivos.pt/documentDetails/039e278a87bc4876ae04b028b518ae23
Maçal do Chão,clb12,Registos de óbitos,PT/ADGRD/PRQ/PCLB12/003/00019,1878-03-18 – 1878-12-06,https://digitarq.arquivos.pt/fileViewer/34dd63d9f1594758aec217d5c14fe7c4?isRepresentation=false,https://digitarq.arquivos.pt/documentDetails/34dd63d9f1594758aec217d5c14fe7c4
Maçal do Chão,clb12,Registos de óbitos,PT/ADGRD/PRQ/PCLB12/003/00020,1879-04-01 – 1879-12-28,https://digitarq.arquivos.pt/fileViewer/7ed3b2d942104379921049071c29e8a4?isRepresentation=false,https://digitarq.arquivos.pt/documentDetails/7ed3b2d942104379921049071c29e8a4
Maçal do Chão,clb12,Registos de óbitos,PT/ADGRD/PRQ/PCLB12/003/00021,1880-02-11 – 1880-12-23,https://digitarq.arquivos.pt/fileViewer/67611b1f5aa444b8b7a81fd39c7c19a4?isRepresentation=false,https://digitarq.arquivos.pt/documentDetails/67611b1f5aa444b8b7a81fd39c7c19a4
Maçal do Chão,clb12,Registos de óbitos,PT/ADGRD/PRQ/PCLB12/003/00022,1881-01-03 – 1881-12-24,https://digitarq.arquivos.pt/fileViewer/fe7a0b5cd46e4f95897b0a99c6355cc8?isRepresentation=false,https://digitarq.arquivos.pt/documentDetails/fe7a0b5cd46e4f95897b0a99c6355cc8
Maçal do Chão,clb12,Registos de óbitos,PT/ADGRD/PRQ/PCLB12/003/00023,1882-02-19 – 1882-11-18,https://digitarq.arquivos.pt/fileViewer/e13a49b3745b4455825ed2ca238e20b9?isRepresentation=false,https://digitarq.arquivos.pt/documentDetails/e13a49b3745b4455825ed2ca238e20b9
Maçal do Chão,clb12,Registos de óbitos,PT/ADGRD/PRQ/PCLB12/003/00024,1883-01-08 – 1883-12-25,https://digitarq.arquivos.pt/fileViewer/16a111d437074529b344d9fad7aee2f7?isRepresentation=false,https://digitarq.arquivos.pt/documentDetails/16a111d437074529b344d9fad7aee2f7
Maçal do Chão,clb12,Registos de óbitos,PT/ADGRD/PRQ/PCLB12/003/00025,1884-01-05 – 1884-11-29,https://digitarq.arquivos.pt/fileViewer/3f791ee3182141f584e66c2aa4a64487?isRepresentation=false,https://digitarq.arquivos.pt/documentDetails/3f791ee3182141f584e66c2aa4a64487
Maçal do Chão,clb12,Registos de óbitos,PT/ADGRD/PRQ/PCLB12/003/00026,1885-01-11 – 1885-12-19,https://digitarq.arquivos.pt/fileViewer/94667a6011f9458e9bc44cf9a750e6fa?isRepresentation=false,https://digitarq.arquivos.pt/documentDetails/94667a6011f9458e9bc44cf9a750e6fa
Maçal do Chão,clb12,Registos de óbitos,PT/ADGRD/PRQ/PCLB12/003/00027,1886-01-04 – 1886-12-30,https://digitarq.arquivos.pt/fileViewer/c8e664b830804ad597b9ae30024540fb?isRepresentation=false,https://digitarq.arquivos.pt/documentDetails/c8e664b830804ad597b9ae30024540fb
Maçal do Chão,clb12,Registos de óbitos,PT/ADGRD/PRQ/PCLB12/003/00028,1887-01-12 – 1887-10-15,https://digitarq.arquivos.pt/fileViewer/96a6b6d9b7b64d689955b3911f454712?isRepresentation=false,https://digitarq.arquivos.pt/documentDetails/96a6b6d9b7b64d689955b3911f454712
Maçal do Chão,clb12,Registos de óbitos,PT/ADGRD/PRQ/PCLB12/003/00029,1888-03-22 – 1888-10-16,https://digitarq.arquivos.pt/fileViewer/ad597cc2213e4c9f90546a8b80648c31?isRepresentation=false,https://digitarq.arquivos.pt/documentDetails/ad597cc2213e4c9f90546a8b80648c31
Maçal do Chão,clb12,Registos de óbitos,PT/ADGRD/PRQ/PCLB12/003/00030,1889-01-10 – 1889-12-26,https://digitarq.arquivos.pt/fileViewer/4b25fa0ba6944218b9b43c543ef9142e?isRepresentation=false,https://digitarq.arquivos.pt/documentDetails/4b25fa0ba6944218b9b43c543ef9142e
Maçal do Chão,clb12,Registos de óbitos,PT/ADGRD/PRQ/PCLB12/003/00031,1890-02-20 – 1890-11-14,https://digitarq.arquivos.pt/fileViewer/de0d8adbfa40410ca9aab5146259fe9b?isRepresentation=false,https://digitarq.arquivos.pt/documentDetails/de0d8adbfa40410ca9aab5146259fe9b
Maçal do Chão,clb12,Registos de óbitos,PT/ADGRD/PRQ/PCLB12/003/00032,1891-03-13 – 1891-12-20,https://digitarq.arquivos.pt/fileViewer/fa8ced3e909d4959884b97f02108f0ba?isRepresentation=false,https://digitarq.arquivos.pt/documentDetails/fa8ced3e909d4959884b97f02108f0ba
Maçal do Chão,clb12,Registos de óbitos,PT/ADGRD/PRQ/PCLB12/003/00033,1892-01-11 – 1892-12-22,https://digitarq.arquivos.pt/fileViewer/426c35d8da1941ed8f29f79c1551db43?isRepresentation=false,https://digitarq.arquivos.pt/documentDetails/426c35d8da1941ed8f29f79c1551db43
Maçal do Chão,clb12,Registos de óbitos,PT/ADGRD/PRQ/PCLB12/003/00034,1893-04-02 – 1893-12-17,https://digitarq.arquivos.pt/fileViewer/b6380213e29c49fd8a19d227f47dcaac?isRepresentation=false,https://digitarq.arquivos.pt/documentDetails/b6380213e29c49fd8a19d227f47dcaac
Maçal do Chão,clb12,Registos de óbitos,PT/ADGRD/PRQ/PCLB12/003/00035,1894-01-01 – 1894-08-14,https://digitarq.arquivos.pt/fileViewer/f34155fe2fee459d8cff71539ef9537d?isRepresentation=false,https://digitarq.arquivos.pt/documentDetails/f34155fe2fee459d8cff71539ef9537d
Maçal do Chão,clb12,Registos de óbitos,PT/ADGRD/PRQ/PCLB12/003/00036,1895-01-13 – 1895-11-18,https://digitarq.arquivos.pt/fileViewer/2927ce97b0a446e2a7daf341142b0db8?isRepresentation=false,https://digitarq.arquivos.pt/documentDetails/2927ce97b0a446e2a7daf341142b0db8
Maçal do Chão,clb12,Registos de óbitos,PT/ADGRD/PRQ/PCLB12/003/00037,1896-02-15 – 1896-12-20,https://digitarq.arquivos.pt/fileViewer/ffc4063ec7334be488d8efd965203a7b?isRepresentation=false,https://digitarq.arquivos.pt/documentDetails/ffc4063ec7334be488d8efd965203a7b
Maçal do Chão,clb12,Registos de óbitos,PT/ADGRD/PRQ/PCLB12/003/00038,1897-01-11 – 1897-10-23,https://digitarq.arquivos.pt/fileViewer/e9e47873246748c287f7ca99781bb11e?isRepresentation=false,https://digitarq.arquivos.pt/documentDetails/e9e47873246748c287f7ca99781bb11e
Maçal do Chão,clb12,Registos de óbitos,PT/ADGRD/PRQ/PCLB12/003/00039,1898-03-08 – 1898-12-12,https://digitarq.arquivos.pt/fileViewer/9ef55a81f77f415b940480df8030496d?isRepresentation=false,https://digitarq.arquivos.pt/documentDetails/9ef55a81f77f415b940480df8030496d
Maçal do Chão,clb12,Registos de óbitos,PT/ADGRD/PRQ/PCLB12/003/00040,1899-01-15 – 1899-12-13,https://digitarq.arquivos.pt/fileViewer/2754f31a67104cdbb91263a876e1e6b6?isRepresentation=false,https://digitarq.arquivos.pt/documentDetails/2754f31a67104cdbb91263a876e1e6b6
Maçal do Chão,clb12,Registos de óbitos,PT/ADGRD/PRQ/PCLB12/003/00041,1900-01-01 – 1900-05-23,https://digitarq.arquivos.pt/fileViewer/8af877a25836481a8113b0a01eb494bc?isRepresentation=false,https://digitarq.arquivos.pt/documentDetails/8af877a25836481a8113b0a01eb494bc
Maçal do Chão,clb12,Registos de óbitos,PT/ADGRD/PRQ/PCLB12/003/00042,1901-01-08 – 1901-12-21,https://digitarq.arquivos.pt/fileViewer/d70d4f45e73942c0a50dd4268bb8cfd8?isRepresentation=false,https://digitarq.arquivos.pt/documentDetails/d70d4f45e73942c0a50dd4268bb8cfd8
Maçal do Chão,clb12,Registos de óbitos,PT/ADGRD/PRQ/PCLB12/003/00043,1902-01-04 – 1902-11-06,https://digitarq.arquivos.pt/fileViewer/fecfff6f78444517913c175d23f054f5?isRepresentation=false,https://digitarq.arquivos.pt/documentDetails/fecfff6f78444517913c175d23f054f5
Maçal do Chão,clb12,Registos de óbitos,PT/ADGRD/PRQ/PCLB12/003/00044,1903-01-17 – 1903-12-26,https://digitarq.arquivos.pt/fileViewer/287fc8fb0fb644fa8fa1ea4a93661b69?isRepresentation=false,https://digitarq.arquivos.pt/documentDetails/287fc8fb0fb644fa8fa1ea4a93661b69
Maçal do Chão,clb12,Registos de óbitos,PT/ADGRD/PRQ/PCLB12/003/00045,1904-01-16 – 1904-12-29,https://digitarq.arquivos.pt/fileViewer/65720698e29a40278e3839b0e853f9ce?isRepresentation=false,https://digitarq.arquivos.pt/documentDetails/65720698e29a40278e3839b0e853f9ce
Maçal do Chão,clb12,Registos de óbitos,PT/ADGRD/PRQ/PCLB12/003/00046,1905-01-08 – 1905-12-26,https://digitarq.arquivos.pt/fileViewer/db0a7d9fdc0b482d83adea07e0bbda7b?isRepresentation=false,https://digitarq.arquivos.pt/documentDetails/db0a7d9fdc0b482d83adea07e0bbda7b
Maçal do Chão,clb12,Registos de óbitos,PT/ADGRD/PRQ/PCLB12/003/00047,1906-01-13 – 1906-11-30,https://digitarq.arquivos.pt/fileViewer/e1428907575340f8a8a6d703d8f43406?isRepresentation=false,https://digitarq.arquivos.pt/documentDetails/e1428907575340f8a8a6d703d8f43406
Maçal do Chão,clb12,Registos de óbitos,PT/ADGRD/PRQ/PCLB12/003/00048,1907-06-16 – 1907-12-03,https://digitarq.arquivos.pt/fileViewer/a4132e2b17464a668b9ddc217196e017?isRepresentation=false,https://digitarq.arquivos.pt/documentDetails/a4132e2b17464a668b9ddc217196e017
Maçal do Chão,clb12,Registos de óbitos,PT/ADGRD/PRQ/PCLB12/003/00049,1908-03-04 – 1908-11-19,https://digitarq.arquivos.pt/fileViewer/f1c98f910d8948999d3d629d15932b1c?isRepresentation=false,https://digitarq.arquivos.pt/documentDetails/f1c98f910d8948999d3d629d15932b1c
Maçal do Chão,clb12,Registos de óbitos,PT/ADGRD/PRQ/PCLB12/003/00050,1909-02-04 – 1909-11-18,https://digitarq.arquivos.pt/fileViewer/29c1921a98fc4620b587a4cd26b0ff3d?isRepresentation=false,https://digitarq.arquivos.pt/documentDetails/29c1921a98fc4620b587a4cd26b0ff3d
Maçal do Chão,clb12,Registos de óbitos,PT/ADGRD/PRQ/PCLB12/003/00051,1910-01-04 – 1910-12-29,https://digitarq.arquivos.pt/fileViewer/bdbc5bc434344331836516be8ba33d9f?isRepresentation=false,https://digitarq.arquivos.pt/documentDetails/bdbc5bc434344331836516be8ba33d9f
Maçal do Chão,clb12,Registos de óbitos,PT/ADGRD/PRQ/PCLB12/003/00052,1911-03-29 – 1911-03-29,https://digitarq.arquivos.pt/fileViewer/fb52a6d8e5104577ab725be93bc2b1bf?isRepresentation=false,https://digitarq.arquivos.pt/documentDetails/fb52a6d8e5104577ab725be93bc2b1bf
Maçal do Chão,clb12,Registos de óbitos,"Após 1911, vigoram os livros do Registo Civil localizados a nível concelhio.",1911-04-01 –,/m/clb,
Mesquitela,clb13,Registos de óbitos,PT/TT/PRQ/PCLB13/003/O1,1707-01-01 – 1750-12-31,https://digitarq.arquivos.pt/fileViewer/9ba8149671004225b8ffb2b239bbcf2a?isRepresentation=false,https://digitarq.arquivos.pt/documentDetails/9ba8149671004225b8ffb2b239bbcf2a
Mesquitela,clb13,Registos de óbitos,PT/TT/PRQ/PCLB13/003/O2,1750-01-01 – 1790-12-31,https://digitarq.arquivos.pt/fileViewer/df670357982547afb9bc3733d43a0ada?isRepresentation=false,https://digitarq.arquivos.pt/documentDetails/df670357982547afb9bc3733d43a0ada
Mesquitela,clb13,Registos de óbitos,PT/TT/PRQ/PCLB13/003/O3,1783-01-01 – 1810-12-31,https://digitarq.arquivos.pt/fileViewer/c3c26909312141f780e27af91b0b415e?isRepresentation=false,https://digitarq.arquivos.pt/documentDetails/c3c26909312141f780e27af91b0b415e
Mesquitela,clb13,Registos de óbitos,PT/TT/PRQ/PCLB13/003/O4,1790-01-01 – 1803-12-31,https://digitarq.arquivos.pt/fileViewer/10427feb993745ecaeaeb5b1dee499a6?isRepresentation=false,https://digitarq.arquivos.pt/documentDetails/10427feb993745ecaeaeb5b1dee499a6
Mesquitela,clb13,Registos de óbitos,PT/TT/PRQ/PCLB13/003/O5,1803-01-01 – 1810-12-31,https://digitarq.arquivos.pt/fileViewer/10a93e6657ac4adfb3f62557d58a9436?isRepresentation=false,https://digitarq.arquivos.pt/documentDetails/10a93e6657ac4adfb3f62557d58a9436
Mesquitela,clb13,Registos de óbitos,PT/ADGRD/PRQ/PCLB13/003/00001,1810-01-04 – 1859-12-18,https://digitarq.arquivos.pt/fileViewer/a7a2390f5430465fa1dc18e750659bef?isRepresentation=false,https://digitarq.arquivos.pt/documentDetails/a7a2390f5430465fa1dc18e750659bef
Mesquitela,clb13,Registos de óbitos,PT/ADGRD/PRQ/PCLB13/003/00002,1860-02-03 – 1860-12-18,https://digitarq.arquivos.pt/fileViewer/5b35d12e556344a3819f53eefb495d2a?isRepresentation=false,https://digitarq.arquivos.pt/documentDetails/5b35d12e556344a3819f53eefb495d2a
Mesquitela,clb13,Registos de óbitos,PT/ADGRD/PRQ/PCLB13/003/00003,1861-02-05 – 1861-09-12,https://digitarq.arquivos.pt/fileViewer/f930f59617d14162a353dc9360e50d44?isRepresentation=false,https://digitarq.arquivos.pt/documentDetails/f930f59617d14162a353dc9360e50d44
Mesquitela,clb13,Registos de óbitos,PT/ADGRD/PRQ/PCLB13/003/00004,1862-01-20 – 1862-12-24,https://digitarq.arquivos.pt/fileViewer/0a20802ffa6d43b8b02ddd55686efce0?isRepresentation=false,https://digitarq.arquivos.pt/documentDetails/0a20802ffa6d43b8b02ddd55686efce0
Mesquitela,clb13,Registos de óbitos,PT/ADGRD/PRQ/PCLB13/003/00005,1863-01-15 – 1863-12-29,https://digitarq.arquivos.pt/fileViewer/3c466ccf0f8840bc9116c65534728935?isRepresentation=false,https://digitarq.arquivos.pt/documentDetails/3c466ccf0f8840bc9116c65534728935
Mesquitela,clb13,Registos de óbitos,PT/ADGRD/PRQ/PCLB13/003/00006,1864-01-24 – 1864-12-13,https://digitarq.arquivos.pt/fileViewer/29fe43fdee964fc3ba82991dd8560dd6?isRepresentation=false,https://digitarq.arquivos.pt/documentDetails/29fe43fdee964fc3ba82991dd8560dd6
Mesquitela,clb13,Registos de óbitos,PT/ADGRD/PRQ/PCLB13/003/00007,1865-01-06 – 1865-12-25,https://digitarq.arquivos.pt/fileViewer/5a75c98e3e7446f597f35952eae9e29b?isRepresentation=false,https://digitarq.arquivos.pt/documentDetails/5a75c98e3e7446f597f35952eae9e29b
Mesquitela,clb13,Registos de óbitos,PT/ADGRD/PRQ/PCLB13/003/00008,1866-01-16 – 1866-12-27,https://digitarq.arquivos.pt/fileViewer/2d8d5769fe8c4a0f9a5477cf338922fa?isRepresentation=false,https://digitarq.arquivos.pt/documentDetails/2d8d5769fe8c4a0f9a5477cf338922fa
Mesquitela,clb13,Registos de óbitos,PT/ADGRD/PRQ/PCLB13/003/00009,1867-01-05 – 1867-12-16,https://digitarq.arquivos.pt/fileViewer/51689d78c5ea43f4b5f1f9d2bdea293f?isRepresentation=false,https://digitarq.arquivos.pt/documentDetails/51689d78c5ea43f4b5f1f9d2bdea293f
Mesquitela,clb13,Registos de óbitos,PT/ADGRD/PRQ/PCLB13/003/00010,1868-01-03 – 1868-12-30,https://digitarq.arquivos.pt/fileViewer/8c52f144c0d94525ae7f4de6cbe1246f?isRepresentation=false,https://digitarq.arquivos.pt/documentDetails/8c52f144c0d94525ae7f4de6cbe1246f
Mesquitela,clb13,Registos de óbitos,PT/ADGRD/PRQ/PCLB13/003/00011,1869-01-22 – 1869-12-28,https://digitarq.arquivos.pt/fileViewer/c81bb64f64fe47c1a89f3ac2a6bebbb4?isRepresentation=false,https://digitarq.arquivos.pt/documentDetails/c81bb64f64fe47c1a89f3ac2a6bebbb4
Mesquitela,clb13,Registos de óbitos,PT/ADGRD/PRQ/PCLB13/003/00012,1870-01-04 – 1870-11-22,https://digitarq.arquivos.pt/fileViewer/fe64f5d1d2bf4651aa801bd64882c3b0?isRepresentation=false,https://digitarq.arquivos.pt/documentDetails/fe64f5d1d2bf4651aa801bd64882c3b0
Mesquitela,clb13,Registos de óbitos,PT/ADGRD/PRQ/PCLB13/003/00013,1871-01-04 – 1871-12-21,https://digitarq.arquivos.pt/fileViewer/b2ac31eab5c44df2ac04c43679c40b2e?isRepresentation=false,https://digitarq.arquivos.pt/documentDetails/b2ac31eab5c44df2ac04c43679c40b2e
Mesquitela,clb13,Registos de óbitos,PT/ADGRD/PRQ/PCLB13/003/00014,1872-01-04 – 1872-12-21,https://digitarq.arquivos.pt/fileViewer/51700d61bfc94ef99011b34329eb7959?isRepresentation=false,https://digitarq.arquivos.pt/documentDetails/51700d61bfc94ef99011b34329eb7959
Mesquitela,clb13,Registos de óbitos,PT/ADGRD/PRQ/PCLB13/003/00015,1873-01-31 – 1873-12-27,https://digitarq.arquivos.pt/fileViewer/0183ed2795fb480fbeefcae47773cacb?isRepresentation=false,https://digitarq.arquivos.pt/documentDetails/0183ed2795fb480fbeefcae47773cacb
Mesquitela,clb13,Registos de óbitos,PT/ADGRD/PRQ/PCLB13/003/00016,1874-01-26 – 1874-12-28,https://digitarq.arquivos.pt/fileViewer/ab51686f3c214a6d8385fa34e4418a9e?isRepresentation=false,https://digitarq.arquivos.pt/documentDetails/ab51686f3c214a6d8385fa34e4418a9e
Mesquitela,clb13,Registos de óbitos,PT/ADGRD/PRQ/PCLB13/003/00017,1875-01-01 – 1875-12-23,https://digitarq.arquivos.pt/fileViewer/a51e7aca4a934768b0e44116f1ea609e?isRepresentation=false,https://digitarq.arquivos.pt/documentDetails/a51e7aca4a934768b0e44116f1ea609e
Mesquitela,clb13,Registos de óbitos,PT/ADGRD/PRQ/PCLB13/003/00018,1876-01-09 – 1876-12-23,https://digitarq.arquivos.pt/fileViewer/8991c41d9c224cf5872c7f95f725f94d?isRepresentation=false,https://digitarq.arquivos.pt/documentDetails/8991c41d9c224cf5872c7f95f725f94d
Mesquitela,clb13,Registos de óbitos,PT/ADGRD/PRQ/PCLB13/003/00019,1877-01-03 – 1877-12-04,https://digitarq.arquivos.pt/fileViewer/9dd2c99f37714784a4e1fe17922db832?isRepresentation=false,https://digitarq.arquivos.pt/documentDetails/9dd2c99f37714784a4e1fe17922db832
Mesquitela,clb13,Registos de óbitos,PT/ADGRD/PRQ/PCLB13/003/00020,1878-01-17 – 1878-12-30,https://digitarq.arquivos.pt/fileViewer/b89c053b940840529b039f82a38e3822?isRepresentation=false,https://digitarq.arquivos.pt/documentDetails/b89c053b940840529b039f82a38e3822
Mesquitela,clb13,Registos de óbitos,PT/ADGRD/PRQ/PCLB13/003/00021,1879-01-02 – 1879-12-23,https://digitarq.arquivos.pt/fileViewer/7709761d93a642d08c09978180f92bea?isRepresentation=false,https://digitarq.arquivos.pt/documentDetails/7709761d93a642d08c09978180f92bea
Mesquitela,clb13,Registos de óbitos,PT/ADGRD/PRQ/PCLB13/003/00022,1880-01-01 – 1880-12-30,https://digitarq.arquivos.pt/fileViewer/07a1e2b8b9c4462e9daadb308818683d?isRepresentation=false,https://digitarq.arquivos.pt/documentDetails/07a1e2b8b9c4462e9daadb308818683d
Mesquitela,clb13,Registos de óbitos,PT/ADGRD/PRQ/PCLB13/003/00023,1881-01-06 – 1881-12-31,https://digitarq.arquivos.pt/fileViewer/d1dd0b7e7df7441ebcd64fc96fd18fae?isRepresentation=false,https://digitarq.arquivos.pt/documentDetails/d1dd0b7e7df7441ebcd64fc96fd18fae
Mesquitela,clb13,Registos de óbitos,PT/ADGRD/PRQ/PCLB13/003/00024,1882-01-15 – 1882-12-31,https://digitarq.arquivos.pt/fileViewer/e3b80667362e4317ab85575cb20a6e09?isRepresentation=false,https://digitarq.arquivos.pt/documentDetails/e3b80667362e4317ab85575cb20a6e09
Mesquitela,clb13,Registos de óbitos,PT/ADGRD/PRQ/PCLB13/003/00025,1883-02-02 – 1883-12-26,https://digitarq.arquivos.pt/fileViewer/7f4a81ba95f544d0b444592b549f98bd?isRepresentation=false,https://digitarq.arquivos.pt/documentDetails/7f4a81ba95f544d0b444592b549f98bd
Mesquitela,clb13,Registos de óbitos,PT/ADGRD/PRQ/PCLB13/003/00026,1884-02-08 – 1884-12-26,https://digitarq.arquivos.pt/fileViewer/ddca2d3620cf4186aab64e8a878d9ccb?isRepresentation=false,https://digitarq.arquivos.pt/documentDetails/ddca2d3620cf4186aab64e8a878d9ccb
Mesquitela,clb13,Registos de óbitos,PT/ADGRD/PRQ/PCLB13/003/00027,1885-01-01 – 1885-12-28,https://digitarq.arquivos.pt/fileViewer/9f08acbed1804bd19f7b8074d61b3a9c?isRepresentation=false,https://digitarq.arquivos.pt/documentDetails/9f08acbed1804bd19f7b8074d61b3a9c
Mesquitela,clb13,Registos de óbitos,PT/ADGRD/PRQ/PCLB13/003/00028,1886-01-10 – 1886-12-07,https://digitarq.arquivos.pt/fileViewer/b113bc31a459425f8909b840b8a8f9ca?isRepresentation=false,https://digitarq.arquivos.pt/documentDetails/b113bc31a459425f8909b840b8a8f9ca
Mesquitela,clb13,Registos de óbitos,PT/ADGRD/PRQ/PCLB13/003/00029,1887-01-05 – 1887-12-31,https://digitarq.arquivos.pt/fileViewer/6977318c16e349118b6b479b051d8c4d?isRepresentation=false,https://digitarq.arquivos.pt/documentDetails/6977318c16e349118b6b479b051d8c4d
Mesquitela,clb13,Registos de óbitos,PT/ADGRD/PRQ/PCLB13/003/00030,1888-01-18 – 1888-12-05,https://digitarq.arquivos.pt/fileViewer/0c782c232ca64675bf3ff8ef4ed32a0a?isRepresentation=false,https://digitarq.arquivos.pt/documentDetails/0c782c232ca64675bf3ff8ef4ed32a0a
Mesquitela,clb13,Registos de óbitos,PT/ADGRD/PRQ/PCLB13/003/00031,1889-01-01 – 1889-11-23,https://digitarq.arquivos.pt/fileViewer/44962be0cb464d28a0b8bcfa8e7dafa2?isRepresentation=false,https://digitarq.arquivos.pt/documentDetails/44962be0cb464d28a0b8bcfa8e7dafa2
Mesquitela,clb13,Registos de óbitos,PT/ADGRD/PRQ/PCLB13/003/00032,1890-01-04 – 1890-12-23,https://digitarq.arquivos.pt/fileViewer/760d8d9b3d624e11bdfd9339d20632bc?isRepresentation=false,https://digitarq.arquivos.pt/documentDetails/760d8d9b3d624e11bdfd9339d20632bc
Mesquitela,clb13,Registos de óbitos,PT/ADGRD/PRQ/PCLB13/003/00033,1891-01-21 – 1891-11-24,https://digitarq.arquivos.pt/fileViewer/4cea00ef580d41a09a584f3f01103ce1?isRepresentation=false,https://digitarq.arquivos.pt/documentDetails/4cea00ef580d41a09a584f3f01103ce1
Mesquitela,clb13,Registos de óbitos,PT/ADGRD/PRQ/PCLB13/003/00034,1892-01-01 – 1892-12-17,https://digitarq.arquivos.pt/fileViewer/6fe6f1af146e41b7a6017f95850dbc23?isRepresentation=false,https://digitarq.arquivos.pt/documentDetails/6fe6f1af146e41b7a6017f95850dbc23
Mesquitela,clb13,Registos de óbitos,PT/ADGRD/PRQ/PCLB13/003/00035,1893-03-12 – 1893-12-31,https://digitarq.arquivos.pt/fileViewer/e17f9978ae07472383f957c809eb3625?isRepresentation=false,https://digitarq.arquivos.pt/documentDetails/e17f9978ae07472383f957c809eb3625
Mesquitela,clb13,Registos de óbitos,PT/ADGRD/PRQ/PCLB13/003/00036,1894-01-12 – 1894-12-05,https://digitarq.arquivos.pt/fileViewer/58f9ce8275d7456f8d8df27027604a1e?isRepresentation=false,https://digitarq.arquivos.pt/documentDetails/58f9ce8275d7456f8d8df27027604a1e
Mesquitela,clb13,Registos de óbitos,PT/ADGRD/PRQ/PCLB13/003/00037,1895-01-02 – 1895-12-25,https://digitarq.arquivos.pt/fileViewer/e13acd54c1ff4dc499987a7fdd3ae002?isRepresentation=false,https://digitarq.arquivos.pt/documentDetails/e13acd54c1ff4dc499987a7fdd3ae002
Mesquitela,clb13,Registos de óbitos,PT/ADGRD/PRQ/PCLB13/003/00038,1896-01-04 – 1896-11-30,https://digitarq.arquivos.pt/fileViewer/7f5d3c3b3e85465dad584e04f6ff3aac?isRepresentation=false,https://digitarq.arquivos.pt/documentDetails/7f5d3c3b3e85465dad584e04f6ff3aac
Mesquitela,clb13,Registos de óbitos,PT/ADGRD/PRQ/PCLB13/003/00039,1897-01-09 – 1897-12-20,https://digitarq.arquivos.pt/fileViewer/9aa0a663c26a4b389b1d03d8398c216e?isRepresentation=false,https://digitarq.arquivos.pt/documentDetails/9aa0a663c26a4b389b1d03d8398c216e
Mesquitela,clb13,Registos de óbitos,PT/ADGRD/PRQ/PCLB13/003/00040,1898-01-07 – 1898-12-07,https://digitarq.arquivos.pt/fileViewer/a2243b68314a4784be62db7d3ca0ff22?isRepresentation=false,https://digitarq.arquivos.pt/documentDetails/a2243b68314a4784be62db7d3ca0ff22
Mesquitela,clb13,Registos de óbitos,PT/ADGRD/PRQ/PCLB13/003/00041,1899-02-23 – 1899-11-03,https://digitarq.arquivos.pt/fileViewer/079c8718a560451ea70cca2614605fd7?isRepresentation=false,https://digitarq.arquivos.pt/documentDetails/079c8718a560451ea70cca2614605fd7
Mesquitela,clb13,Registos de óbitos,PT/ADGRD/PRQ/PCLB13/003/00042,1900-01-03 – 1900-12-30,https://digitarq.arquivos.pt/fileViewer/ac40b6bcfa984b6eaee56dd293244c4c?isRepresentation=false,https://digitarq.arquivos.pt/documentDetails/ac40b6bcfa984b6eaee56dd293244c4c
Mesquitela,clb13,Registos de óbitos,PT/ADGRD/PRQ/PCLB13/003/00043,1901-01-15 – 1901-11-23,https://digitarq.arquivos.pt/fileViewer/8a873c3d9ab7433c9a24d3f282792a38?isRepresentation=false,https://digitarq.arquivos.pt/documentDetails/8a873c3d9ab7433c9a24d3f282792a38
Mesquitela,clb13,Registos de óbitos,PT/ADGRD/PRQ/PCLB13/003/00044,1902-01-09 – 1902-12-27,https://digitarq.arquivos.pt/fileViewer/7c24b33529bc40c482566b556e126b1a?isRepresentation=false,https://digitarq.arquivos.pt/documentDetails/7c24b33529bc40c482566b556e126b1a
Mesquitela,clb13,Registos de óbitos,PT/ADGRD/PRQ/PCLB13/003/00045,1903-02-21 – 1903-12-27,https://digitarq.arquivos.pt/fileViewer/b278dce2e36845c88722f7e103eaab3d?isRepresentation=false,https://digitarq.arquivos.pt/documentDetails/b278dce2e36845c88722f7e103eaab3d
Mesquitela,clb13,Registos de óbitos,PT/ADGRD/PRQ/PCLB13/003/00046,1904-01-03 – 1904-12-22,https://digitarq.arquivos.pt/fileViewer/8f0bd7272e12416c8994a2b58f5b04e6?isRepresentation=false,https://digitarq.arquivos.pt/documentDetails/8f0bd7272e12416c8994a2b58f5b04e6
Mesquitela,clb13,Registos de óbitos,PT/ADGRD/PRQ/PCLB13/003/00047,1905-01-10 – 1905-12-16,https://digitarq.arquivos.pt/fileViewer/ce13840283e44885a248df8bd029b561?isRepresentation=false,https://digitarq.arquivos.pt/documentDetails/ce13840283e44885a248df8bd029b561
Mesquitela,clb13,Registos de óbitos,PT/ADGRD/PRQ/PCLB13/003/00048,1906-01-18 – 1906-12-25,https://digitarq.arquivos.pt/fileViewer/4a1e1c2496ef49fdb07b008e611e753f?isRepresentation=false,https://digitarq.arquivos.pt/documentDetails/4a1e1c2496ef49fdb07b008e611e753f
Mesquitela,clb13,Registos de óbitos,PT/ADGRD/PRQ/PCLB13/003/00049,1907-01-08 – 1907-12-02,https://digitarq.arquivos.pt/fileViewer/7b13b75fe3704d0992cb46d3b5b5c185?isRepresentation=false,https://digitarq.arquivos.pt/documentDetails/7b13b75fe3704d0992cb46d3b5b5c185
Mesquitela,clb13,Registos de óbitos,PT/ADGRD/PRQ/PCLB13/003/00050,1908-01-13 – 1908-12-26,https://digitarq.arquivos.pt/fileViewer/a039d94e0ff24593a53e23caf182d40c?isRepresentation=false,https://digitarq.arquivos.pt/documentDetails/a039d94e0ff24593a53e23caf182d40c
Mesquitela,clb13,Registos de óbitos,PT/ADGRD/PRQ/PCLB13/003/00051,1909-01-16 – 1909-11-19,https://digitarq.arquivos.pt/fileViewer/96f2001b9ddb4eaa9cbccae1ad4d1138?isRepresentation=false,https://digitarq.arquivos.pt/documentDetails/96f2001b9ddb4eaa9cbccae1ad4d1138
Mesquitela,clb13,Registos de óbitos,PT/ADGRD/PRQ/PCLB13/003/00052,1910-02-15 – 1910-12-29,https://digitarq.arquivos.pt/fileViewer/61a6db361c5245f8b13296258466fe17?isRepresentation=false,https://digitarq.arquivos.pt/documentDetails/61a6db361c5245f8b13296258466fe17
Mesquitela,clb13,Registos de óbitos,PT/ADGRD/PRQ/PCLB13/003/00053,1911-01-03 – 1911-03-29,https://digitarq.arquivos.pt/fileViewer/17d65faf86de41f69e058f3c35eec529?isRepresentation=false,https://digitarq.arquivos.pt/documentDetails/17d65faf86de41f69e058f3c35eec529
Mesquitela,clb13,Registos de óbitos,"Após 1911, vigoram os livros do Registo Civil localizados a nível concelhio.",1911-04-01 –,/m/clb,
Minhocal,clb14,Registos de óbitos,PT/ADGRD/PRQ/PCLB14/003/00001,1833-01-04 – 1857-06-17,https://digitarq.arquivos.pt/fileViewer/78e9ffeef0b6493c8bfbb22173649041?isRepresentation=false,https://digitarq.arquivos.pt/documentDetails/78e9ffeef0b6493c8bfbb22173649041
Minhocal,clb14,Registos de óbitos,PT/TT/PRQ/PCLB14/003/O1,1857-01-01 – 1859-12-31,https://digitarq.arquivos.pt/fileViewer/a1a2ef95c3ce491fb6389bb8235b2fbc?isRepresentation=false,https://digitarq.arquivos.pt/documentDetails/a1a2ef95c3ce491fb6389bb8235b2fbc
Minhocal,clb14,Registos de óbitos,PT/ADGRD/PRQ/PCLB14/003/00002,1860-01-01 – 1860-12-23,https://digitarq.arquivos.pt/fileViewer/7f82e3e515344c2aaaaf99ddedffd4b9?isRepresentation=false,https://digitarq.arquivos.pt/documentDetails/7f82e3e515344c2aaaaf99ddedffd4b9
Minhocal,clb14,Registos de óbitos,PT/ADGRD/PRQ/PCLB14/003/00003,1861-02-03 – 1861-11-04,https://digitarq.arquivos.pt/fileViewer/c105f5c8865d43dea1beafebbf8aea9e?isRepresentation=false,https://digitarq.arquivos.pt/documentDetails/c105f5c8865d43dea1beafebbf8aea9e
Minhocal,clb14,Registos de óbitos,PT/ADGRD/PRQ/PCLB14/003/00004,1862-03-28 – 1862-11-17,https://digitarq.arquivos.pt/fileViewer/c7cce945a9c242c0b6a5ac68d702fa28?isRepresentation=false,https://digitarq.arquivos.pt/documentDetails/c7cce945a9c242c0b6a5ac68d702fa28
Minhocal,clb14,Registos de óbitos,PT/ADGRD/PRQ/PCLB14/003/00005,1863-01-05 – 1863-12-29,https://digitarq.arquivos.pt/fileViewer/7dc571303dba4d18a186ac5eeac7ea92?isRepresentation=false,https://digitarq.arquivos.pt/documentDetails/7dc571303dba4d18a186ac5eeac7ea92
Minhocal,clb14,Registos de óbitos,PT/ADGRD/PRQ/PCLB14/003/00006,1864-01-01 – 1864-12-29,https://digitarq.arquivos.pt/fileViewer/97e2c17df0b14154bf50822e1d7df887?isRepresentation=false,https://digitarq.arquivos.pt/documentDetails/97e2c17df0b14154bf50822e1d7df887
Minhocal,clb14,Registos de óbitos,PT/ADGRD/PRQ/PCLB14/003/00007,1865-01-04 – 1865-12-25,https://digitarq.arquivos.pt/fileViewer/cd0aba127d764ca7a68f96344752e01e?isRepresentation=false,https://digitarq.arquivos.pt/documentDetails/cd0aba127d764ca7a68f96344752e01e
Minhocal,clb14,Registos de óbitos,PT/ADGRD/PRQ/PCLB14/003/00008,1866-02-06 – 1866-12-20,https://digitarq.arquivos.pt/fileViewer/88e0e5bf94e64cc4bb95fcd8b4bbaaaf?isRepresentation=false,https://digitarq.arquivos.pt/documentDetails/88e0e5bf94e64cc4bb95fcd8b4bbaaaf
Minhocal,clb14,Registos de óbitos,PT/ADGRD/PRQ/PCLB14/003/00009,1867-01-08 – 1867-12-19,https://digitarq.arquivos.pt/fileViewer/ffa819238e2e440298ef4b7e8041baeb?isRepresentation=false,https://digitarq.arquivos.pt/documentDetails/ffa819238e2e440298ef4b7e8041baeb
Minhocal,clb14,Registos de óbitos,PT/ADGRD/PRQ/PCLB14/003/00010,1868-01-01 – 1868-12-02,https://digitarq.arquivos.pt/fileViewer/46557ca1a4734b3eb42b832c0f1fa147?isRepresentation=false,https://digitarq.arquivos.pt/documentDetails/46557ca1a4734b3eb42b832c0f1fa147
Minhocal,clb14,Registos de óbitos,PT/ADGRD/PRQ/PCLB14/003/00011,1869-03-23 – 1869-11-14,https://digitarq.arquivos.pt/fileViewer/d76baf031c0e4ad192d4d848a2f687fc?isRepresentation=false,https://digitarq.arquivos.pt/documentDetails/d76baf031c0e4ad192d4d848a2f687fc
Minhocal,clb14,Registos de óbitos,PT/ADGRD/PRQ/PCLB14/003/00012,1870-02-25 – 1870-11-24,https://digitarq.arquivos.pt/fileViewer/cd29e8c3d3384eb0baf9b5dc4ba6afe5?isRepresentation=false,https://digitarq.arquivos.pt/documentDetails/cd29e8c3d3384eb0baf9b5dc4ba6afe5
Minhocal,clb14,Registos de óbitos,PT/ADGRD/PRQ/PCLB14/003/00013,1871-02-17 – 1871-12-19,https://digitarq.arquivos.pt/fileViewer/34a20c33505c4a9b838febab902a2758?isRepresentation=false,https://digitarq.arquivos.pt/documentDetails/34a20c33505c4a9b838febab902a2758
Minhocal,clb14,Registos de óbitos,PT/ADGRD/PRQ/PCLB14/003/00014,1872-01-11 – 1872-12-13,https://digitarq.arquivos.pt/fileViewer/759d69fa75ae438899675050d4742a8c?isRepresentation=false,https://digitarq.arquivos.pt/documentDetails/759d69fa75ae438899675050d4742a8c
Minhocal,clb14,Registos de óbitos,PT/ADGRD/PRQ/PCLB14/003/00015,1873-01-04 – 1873-11-03,https://digitarq.arquivos.pt/fileViewer/4929a7c5df1b46809f8f7a470d7e2669?isRepresentation=false,https://digitarq.arquivos.pt/documentDetails/4929a7c5df1b46809f8f7a470d7e2669
Minhocal,clb14,Registos de óbitos,PT/ADGRD/PRQ/PCLB14/003/00016,1874-03-03 – 1874-12-30,https://digitarq.arquivos.pt/fileViewer/3a5c74dd9a0e4d41a04318b8b9b329d3?isRepresentation=false,https://digitarq.arquivos.pt/documentDetails/3a5c74dd9a0e4d41a04318b8b9b329d3
Minhocal,clb14,Registos de óbitos,PT/ADGRD/PRQ/PCLB14/003/00017,1875-01-06 – 1875-12-17,https://digitarq.arquivos.pt/fileViewer/a4a223b51ca64a4db949091fe337e1ef?isRepresentation=false,https://digitarq.arquivos.pt/documentDetails/a4a223b51ca64a4db949091fe337e1ef
Minhocal,clb14,Registos de óbitos,PT/ADGRD/PRQ/PCLB14/003/00018,1876-07-04 – 1876-10-21,https://digitarq.arquivos.pt/fileViewer/4a68f1d45ff348389e743ffdacad26fb?isRepresentation=false,https://digitarq.arquivos.pt/documentDetails/4a68f1d45ff348389e743ffdacad26fb
Minhocal,clb14,Registos de óbitos,PT/ADGRD/PRQ/PCLB14/003/00019,1877-02-20 – 1877-12-01,https://digitarq.arquivos.pt/fileViewer/7fb9eac6f52d4c818593cadace4d6bed?isRepresentation=false,https://digitarq.arquivos.pt/documentDetails/7fb9eac6f52d4c818593cadace4d6bed
Minhocal,clb14,Registos de óbitos,PT/ADGRD/PRQ/PCLB14/003/00020,1878-05-27 – 1878-12-22,https://digitarq.arquivos.pt/fileViewer/494cf1de23ad48a2817edf8812932c1b?isRepresentation=false,https://digitarq.arquivos.pt/documentDetails/494cf1de23ad48a2817edf8812932c1b
Minhocal,clb14,Registos de óbitos,PT/ADGRD/PRQ/PCLB14/003/00021,1879-03-23 – 1879-12-29,https://digitarq.arquivos.pt/fileViewer/a06d19b45a2149f99419db63cb53a38f?isRepresentation=false,https://digitarq.arquivos.pt/documentDetails/a06d19b45a2149f99419db63cb53a38f
Minhocal,clb14,Registos de óbitos,PT/ADGRD/PRQ/PCLB14/003/00022,1880-01-15 – 1880-11-15,https://digitarq.arquivos.pt/fileViewer/a970d1d454a84e0eac553a548cb7d6c9?isRepresentation=false,https://digitarq.arquivos.pt/documentDetails/a970d1d454a84e0eac553a548cb7d6c9
Minhocal,clb14,Registos de óbitos,PT/ADGRD/PRQ/PCLB14/003/00023,1881-08-16 – 1881-12-03,https://digitarq.arquivos.pt/fileViewer/c7e65d461b974ebaa840291f7e92c21e?isRepresentation=false,https://digitarq.arquivos.pt/documentDetails/c7e65d461b974ebaa840291f7e92c21e
Minhocal,clb14,Registos de óbitos,PT/ADGRD/PRQ/PCLB14/003/00024,1882-01-02 – 1882-12-28,https://digitarq.arquivos.pt/fileViewer/90987bb7eae3452f8fe5932eb9a8bfb5?isRepresentation=false,https://digitarq.arquivos.pt/documentDetails/90987bb7eae3452f8fe5932eb9a8bfb5
Minhocal,clb14,Registos de óbitos,PT/ADGRD/PRQ/PCLB14/003/00025,1883-01-29 – 1883-12-17,https://digitarq.arquivos.pt/fileViewer/c953397886994fbc9a67f9dfd10791a2?isRepresentation=false,https://digitarq.arquivos.pt/documentDetails/c953397886994fbc9a67f9dfd10791a2
Minhocal,clb14,Registos de óbitos,PT/ADGRD/PRQ/PCLB14/003/00026,1884-03-31 – 1884-12-01,https://digitarq.arquivos.pt/fileViewer/9ca87d2aaa084b0c84e95fcab4f9f875?isRepresentation=false,https://digitarq.arquivos.pt/documentDetails/9ca87d2aaa084b0c84e95fcab4f9f875
Minhocal,clb14,Registos de óbitos,PT/ADGRD/PRQ/PCLB14/003/00027,1885-01-01 – 1885-12-26,https://digitarq.arquivos.pt/fileViewer/91079816b3bb41f2992affaa455164a1?isRepresentation=false,https://digitarq.arquivos.pt/documentDetails/91079816b3bb41f2992affaa455164a1
Minhocal,clb14,Registos de óbitos,PT/ADGRD/PRQ/PCLB14/003/00028,1886-01-01 – 1886-11-24,https://digitarq.arquivos.pt/fileViewer/7663b7aa32724ba8b975a21459a9df67?isRepresentation=false,https://digitarq.arquivos.pt/documentDetails/7663b7aa32724ba8b975a21459a9df67
Minhocal,clb14,Registos de óbitos,PT/ADGRD/PRQ/PCLB14/003/00029,1887-01-03 – 1887-12-30,https://digitarq.arquivos.pt/fileViewer/39407b6c9ab5451d877c49cae80517cd?isRepresentation=false,https://digitarq.arquivos.pt/documentDetails/39407b6c9ab5451d877c49cae80517cd
Minhocal,clb14,Registos de óbitos,PT/ADGRD/PRQ/PCLB14/003/00030,1888-04-28 – 1888-11-20,https://digitarq.arquivos.pt/fileViewer/8d59b7b7af674c359fc5aee8418daae4?isRepresentation=false,https://digitarq.arquivos.pt/documentDetails/8d59b7b7af674c359fc5aee8418daae4
Minhocal,clb14,Registos de óbitos,PT/ADGRD/PRQ/PCLB14/003/00031,1889-01-07 – 1889-12-30,https://digitarq.arquivos.pt/fileViewer/7fc20c84519e4ec499345adabf7dcfcb?isRepresentation=false,https://digitarq.arquivos.pt/documentDetails/7fc20c84519e4ec499345adabf7dcfcb
Minhocal,clb14,Registos de óbitos,PT/ADGRD/PRQ/PCLB14/003/00032,1890-01-06 – 1890-12-24,https://digitarq.arquivos.pt/fileViewer/438dbdef1e5a4a95ac3abcce03475319?isRepresentation=false,https://digitarq.arquivos.pt/documentDetails/438dbdef1e5a4a95ac3abcce03475319
Minhocal,clb14,Registos de óbitos,PT/ADGRD/PRQ/PCLB14/003/00033,1891-01-15 – 1891-12-23,https://digitarq.arquivos.pt/fileViewer/36651df2410449679da84467df5304a5?isRepresentation=false,https://digitarq.arquivos.pt/documentDetails/36651df2410449679da84467df5304a5
Minhocal,clb14,Registos de óbitos,PT/ADGRD/PRQ/PCLB14/003/00034,1892-03-02 – 1892-12-17,https://digitarq.arquivos.pt/fileViewer/6871c06098754bb7870409faf14b495d?isRepresentation=false,https://digitarq.arquivos.pt/documentDetails/6871c06098754bb7870409faf14b495d
Minhocal,clb14,Registos de óbitos,PT/ADGRD/PRQ/PCLB14/003/00035,1893-01-10 – 1893-12-07,https://digitarq.arquivos.pt/fileViewer/acbc6b25e51a4d00b642ea2d77c05af5?isRepresentation=false,https://digitarq.arquivos.pt/documentDetails/acbc6b25e51a4d00b642ea2d77c05af5
Minhocal,clb14,Registos de óbitos,PT/ADGRD/PRQ/PCLB14/003/00036,1894-01-21 – 1894-12-24,https://digitarq.arquivos.pt/fileViewer/fdcf1b9d5da5469eb469bab87ac3eeb1?isRepresentation=false,https://digitarq.arquivos.pt/documentDetails/fdcf1b9d5da5469eb469bab87ac3eeb1
Minhocal,clb14,Registos de óbitos,PT/ADGRD/PRQ/PCLB14/003/00037,1895-01-16 – 1895-10-29,https://digitarq.arquivos.pt/fileViewer/87231ca465374eb4b34b51975564c658?isRepresentation=false,https://digitarq.arquivos.pt/documentDetails/87231ca465374eb4b34b51975564c658
Minhocal,clb14,Registos de óbitos,PT/ADGRD/PRQ/PCLB14/003/00038,1896-01-23 – 1896-11-19,https://digitarq.arquivos.pt/fileViewer/fd4bcd0ff4fd41daaf764eca0f7292f2?isRepresentation=false,https://digitarq.arquivos.pt/documentDetails/fd4bcd0ff4fd41daaf764eca0f7292f2
Minhocal,clb14,Registos de óbitos,PT/ADGRD/PRQ/PCLB14/003/00039,1897-03-01 – 1897-11-26,https://digitarq.arquivos.pt/fileViewer/d7018195899543a184030ede7e51aaf1?isRepresentation=false,https://digitarq.arquivos.pt/documentDetails/d7018195899543a184030ede7e51aaf1
Minhocal,clb14,Registos de óbitos,PT/ADGRD/PRQ/PCLB14/003/00040,1898-02-12 – 1898-12-29,https://digitarq.arquivos.pt/fileViewer/6738e5220549426b9487868e88203410?isRepresentation=false,https://digitarq.arquivos.pt/documentDetails/6738e5220549426b9487868e88203410
Minhocal,clb14,Registos de óbitos,PT/ADGRD/PRQ/PCLB14/003/00041,1899-01-08 – 1899-11-11,https://digitarq.arquivos.pt/fileViewer/fd6cee26533a4c87a3a4ba6c3a48290c?isRepresentation=false,https://digitarq.arquivos.pt/documentDetails/fd6cee26533a4c87a3a4ba6c3a48290c
Minhocal,clb14,Registos de óbitos,PT/ADGRD/PRQ/PCLB14/003/00042,1900-01-25 – 1900-12-23,https://digitarq.arquivos.pt/fileViewer/f1e6e0d4abe7401b82f7268bee9f3890?isRepresentation=false,https://digitarq.arquivos.pt/documentDetails/f1e6e0d4abe7401b82f7268bee9f3890
Minhocal,clb14,Registos de óbitos,PT/ADGRD/PRQ/PCLB14/003/00043,1901-01-24 – 1901-12-29,https://digitarq.arquivos.pt/fileViewer/a96336696a3f4e5f84abe5ffa1c60a04?isRepresentation=false,https://digitarq.arquivos.pt/documentDetails/a96336696a3f4e5f84abe5ffa1c60a04
Minhocal,clb14,Registos de óbitos,PT/ADGRD/PRQ/PCLB14/003/00044,1902-02-20 – 1902-12-28,https://digitarq.arquivos.pt/fileViewer/b64aba595b3d40739f1667abae2f4793?isRepresentation=false,https://digitarq.arquivos.pt/documentDetails/b64aba595b3d40739f1667abae2f4793
Minhocal,clb14,Registos de óbitos,PT/ADGRD/PRQ/PCLB14/003/00045,1903-01-24 – 1903-12-29,https://digitarq.arquivos.pt/fileViewer/931fde8e6f9845b19a81bd2debe5e6f8?isRepresentation=false,https://digitarq.arquivos.pt/documentDetails/931fde8e6f9845b19a81bd2debe5e6f8
Minhocal,clb14,Registos de óbitos,PT/ADGRD/PRQ/PCLB14/003/00046,1904-01-08 – 1904-12-27,https://digitarq.arquivos.pt/fileViewer/3d12d903c3584eb2904424bdee9ed3a7?isRepresentation=false,https://digitarq.arquivos.pt/documentDetails/3d12d903c3584eb2904424bdee9ed3a7
Minhocal,clb14,Registos de óbitos,PT/ADGRD/PRQ/PCLB14/003/00047,1905-01-26 – 1905-12-19,https://digitarq.arquivos.pt/fileViewer/e62360eae67a423abcacff49de666257?isRepresentation=false,https://digitarq.arquivos.pt/documentDetails/e62360eae67a423abcacff49de666257
Minhocal,clb14,Registos de óbitos,PT/ADGRD/PRQ/PCLB14/003/00048,1906-01-06 – 1906-12-28,https://digitarq.arquivos.pt/fileViewer/37f2ec2d31fe4596bc0a2291140bd055?isRepresentation=false,https://digitarq.arquivos.pt/documentDetails/37f2ec2d31fe4596bc0a2291140bd055
Minhocal,clb14,Registos de óbitos,PT/ADGRD/PRQ/PCLB14/003/00049,1907-01-09 – 1907-11-05,https://digitarq.arquivos.pt/fileViewer/a360941c443e4fa6bea9c3e5295fa7e1?isRepresentation=false,https://digitarq.arquivos.pt/documentDetails/a360941c443e4fa6bea9c3e5295fa7e1
Minhocal,clb14,Registos de óbitos,PT/ADGRD/PRQ/PCLB14/003/00050,1908-02-24 – 1908-12-19,https://digitarq.arquivos.pt/fileViewer/b0b725ba6d9543b0a206222a83a3cb76?isRepresentation=false,https://digitarq.arquivos.pt/documentDetails/b0b725ba6d9543b0a206222a83a3cb76
Minhocal,clb14,Registos de óbitos,PT/ADGRD/PRQ/PCLB14/003/00051,1909-01-24 – 1909-12-17,https://digitarq.arquivos.pt/fileViewer/542531ad72254421a6b8c6c52db9ae41?isRepresentation=false,https://digitarq.arquivos.pt/documentDetails/542531ad72254421a6b8c6c52db9ae41
Minhocal,clb14,Registos de óbitos,PT/ADGRD/PRQ/PCLB14/003/00052,1910-03-22 – 1910-09-19,https://digitarq.arquivos.pt/fileViewer/ca2384bebd2d4c6cbddaa5879a4789ef?isRepresentation=false,https://digitarq.arquivos.pt/documentDetails/ca2384bebd2d4c6cbddaa5879a4789ef
Minhocal,clb14,Registos de óbitos,PT/ADGRD/PRQ/PCLB14/003/00053,1911-02-04 – 1911-03-02,https://digitarq.arquivos.pt/fileViewer/ca090e6aaf164359acb3a1153f5c337e?isRepresentation=false,https://digitarq.arquivos.pt/documentDetails/ca090e6aaf164359acb3a1153f5c337e
Minhocal,clb14,Registos de óbitos,"Após 1911, vigoram os livros do Registo Civil localizados a nível concelhio.",1911-04-01 –,/m/clb,
Prados,clb15,Registos de óbitos,PT/TT/PRQ/PCLB15/003/O1,1741-01-01 – 1792-12-31,https://digitarq.arquivos.pt/fileViewer/1b1b9e56d0954e76b5fefff36edbedd2?isRepresentation=false,https://digitarq.arquivos.pt/documentDetails/1b1b9e56d0954e76b5fefff36edbedd2
Prados,clb15,Registos de óbitos,PT/TT/PRQ/PCLB15/003/O2,1792-01-01 – 1810-12-31,https://digitarq.arquivos.pt/fileViewer/0445bb4a4aba4b34bdfe3b2816f48979?isRepresentation=false,https://digitarq.arquivos.pt/documentDetails/0445bb4a4aba4b34bdfe3b2816f48979
Prados,clb15,Registos de óbitos,PT/TT/PRQ/PCLB15/003/O3,1813-01-01 – 1856-12-31,https://digitarq.arquivos.pt/fileViewer/00f9d38fbd32467e832f08ee0b014e85?isRepresentation=false,https://digitarq.arquivos.pt/documentDetails/00f9d38fbd32467e832f08ee0b014e85
Prados,clb15,Registos de óbitos,PT/TT/PRQ/PCLB15/003/O4,1856-01-01 – 1859-12-31,https://digitarq.arquivos.pt/fileViewer/3d0b57c82c8f4b44b4a14609ec07af32?isRepresentation=false,https://digitarq.arquivos.pt/documentDetails/3d0b57c82c8f4b44b4a14609ec07af32
Prados,clb15,Registos de óbitos,PT/ADGRD/PRQ/PCLB15/003/00001,1860-01-31 – 1864-11-20,https://digitarq.arquivos.pt/fileViewer/73d7922c7aa04823a091460bd2eeb062?isRepresentation=false,https://digitarq.arquivos.pt/documentDetails/73d7922c7aa04823a091460bd2eeb062
Prados,clb15,Registos de óbitos,PT/ADGRD/PRQ/PCLB15/003/00002,1865-01-11 – 1865-10-28,https://digitarq.arquivos.pt/fileViewer/9eee13df64594138947d970002fd5935?isRepresentation=false,https://digitarq.arquivos.pt/documentDetails/9eee13df64594138947d970002fd5935
Prados,clb15,Registos de óbitos,PT/ADGRD/PRQ/PCLB15/003/00003,1866-02-22 – 1866-12-23,https://digitarq.arquivos.pt/fileViewer/e8647f715b1f426baef14fac95ac2837?isRepresentation=false,https://digitarq.arquivos.pt/documentDetails/e8647f715b1f426baef14fac95ac2837
Prados,clb15,Registos de óbitos,PT/ADGRD/PRQ/PCLB15/003/00004,1867-03-11 – 1867-12-19,https://digitarq.arquivos.pt/fileViewer/2bac7f79d86d45cdb431b0aa885647b8?isRepresentation=false,https://digitarq.arquivos.pt/documentDetails/2bac7f79d86d45cdb431b0aa885647b8
Prados,clb15,Registos de óbitos,PT/ADGRD/PRQ/PCLB15/003/00005,1868-01-06 – 1868-12-08,https://digitarq.arquivos.pt/fileViewer/a62bf8ae66b44c8fa5d33012964e0889?isRepresentation=false,https://digitarq.arquivos.pt/documentDetails/a62bf8ae66b44c8fa5d33012964e0889
Prados,clb15,Registos de óbitos,PT/ADGRD/PRQ/PCLB15/003/00006,1869-03-10 – 1869-12-28,https://digitarq.arquivos.pt/fileViewer/570dbaaa617c4a4e9541931c73401cd9?isRepresentation=false,https://digitarq.arquivos.pt/documentDetails/570dbaaa617c4a4e9541931c73401cd9
Prados,clb15,Registos de óbitos,PT/ADGRD/PRQ/PCLB15/003/00007,1870-01-04 – 1870-12-31,https://digitarq.arquivos.pt/fileViewer/e1f9ebd713814e6ebe9a0eea9a97ff04?isRepresentation=false,https://digitarq.arquivos.pt/documentDetails/e1f9ebd713814e6ebe9a0eea9a97ff04
Prados,clb15,Registos de óbitos,PT/ADGRD/PRQ/PCLB15/003/00008,1871-02-18 – 1871-12-24,https://digitarq.arquivos.pt/fileViewer/6a7ae661446545f8946a60ead6f44d44?isRepresentation=false,https://digitarq.arquivos.pt/documentDetails/6a7ae661446545f8946a60ead6f44d44
Prados,clb15,Registos de óbitos,PT/ADGRD/PRQ/PCLB15/003/00009,1872-01-22 – 1872-12-28,https://digitarq.arquivos.pt/fileViewer/f0256f5c979749a1be500f5126062e03?isRepresentation=false,https://digitarq.arquivos.pt/documentDetails/f0256f5c979749a1be500f5126062e03
Prados,clb15,Registos de óbitos,PT/ADGRD/PRQ/PCLB15/003/00010,1873-02-07 – 1873-11-02,https://digitarq.arquivos.pt/fileViewer/7868b63a195745a59dfabe22f0afa009?isRepresentation=false,https://digitarq.arquivos.pt/documentDetails/7868b63a195745a59dfabe22f0afa009
Prados,clb15,Registos de óbitos,PT/ADGRD/PRQ/PCLB15/003/00011,1874-01-29 – 1874-09-07,https://digitarq.arquivos.pt/fileViewer/fc6b0ac7fba94782b3bf07dd04c27d49?isRepresentation=false,https://digitarq.arquivos.pt/documentDetails/fc6b0ac7fba94782b3bf07dd04c27d49
Prados,clb15,Registos de óbitos,PT/ADGRD/PRQ/PCLB15/003/00012,1875-01-02 – 1875-12-30,https://digitarq.arquivos.pt/fileViewer/da6d5bccf1d54b4fb215c4af74244015?isRepresentation=false,https://digitarq.arquivos.pt/documentDetails/da6d5bccf1d54b4fb215c4af74244015
Prados,clb15,Registos de óbitos,PT/ADGRD/PRQ/PCLB15/003/00013,1876-01-17 – 1876-12-13,https://digitarq.arquivos.pt/fileViewer/b9aa645d4142447b8a3bdde48110ad9f?isRepresentation=false,https://digitarq.arquivos.pt/documentDetails/b9aa645d4142447b8a3bdde48110ad9f
Prados,clb15,Registos de óbitos,PT/ADGRD/PRQ/PCLB15/003/00014,1877-01-15 – 1877-10-12,https://digitarq.arquivos.pt/fileViewer/d0cdd03ff0a84d7e861859b9fcb95dec?isRepresentation=false,https://digitarq.arquivos.pt/documentDetails/d0cdd03ff0a84d7e861859b9fcb95dec
Prados,clb15,Registos de óbitos,PT/ADGRD/PRQ/PCLB15/003/00015,1878-03-16 – 1878-12-06,https://digitarq.arquivos.pt/fileViewer/9c7a159d5b044397860797fb7b364a9c?isRepresentation=false,https://digitarq.arquivos.pt/documentDetails/9c7a159d5b044397860797fb7b364a9c
Prados,clb15,Registos de óbitos,PT/ADGRD/PRQ/PCLB15/003/00016,1879-05-18 – 1879-12-20,https://digitarq.arquivos.pt/fileViewer/60599b254d454229b56f61e3542836bb?isRepresentation=false,https://digitarq.arquivos.pt/documentDetails/60599b254d454229b56f61e3542836bb
Prados,clb15,Registos de óbitos,PT/ADGRD/PRQ/PCLB15/003/00017,1880-01-26 – 1880-12-15,https://digitarq.arquivos.pt/fileViewer/56528e394b26442fb67af82461225b5e?isRepresentation=false,https://digitarq.arquivos.pt/documentDetails/56528e394b26442fb67af82461225b5e
Prados,clb15,Registos de óbitos,PT/ADGRD/PRQ/PCLB15/003/00018,1881-01-26 – 1881-12-23,https://digitarq.arquivos.pt/fileViewer/b951f56d65874bd886a8a12f365f330e?isRepresentation=false,https://digitarq.arquivos.pt/documentDetails/b951f56d65874bd886a8a12f365f330e
Prados,clb15,Registos de óbitos,PT/ADGRD/PRQ/PCLB15/003/00019,1882-01-24 – 1882-12-05,https://digitarq.arquivos.pt/fileViewer/ccf9e2ecfb7b44508267ae927600376b?isRepresentation=false,https://digitarq.arquivos.pt/documentDetails/ccf9e2ecfb7b44508267ae927600376b
Prados,clb15,Registos de óbitos,PT/ADGRD/PRQ/PCLB15/003/00020,1883-01-15 – 1883-11-23,https://digitarq.arquivos.pt/fileViewer/8b52c52149f3444c81b6ef534d6db6c3?isRepresentation=false,https://digitarq.arquivos.pt/documentDetails/8b52c52149f3444c81b6ef534d6db6c3
Prados,clb15,Registos de óbitos,PT/ADGRD/PRQ/PCLB15/003/00021,1884-01-11 – 1884-12-02,https://digitarq.arquivos.pt/fileViewer/bd22710aeade4e32be055bf506531bef?isRepresentation=false,https://digitarq.arquivos.pt/documentDetails/bd22710aeade4e32be055bf506531bef
Prados,clb15,Registos de óbitos,PT/ADGRD/PRQ/PCLB15/003/00022,1885-01-28 – 1885-12-19,https://digitarq.arquivos.pt/fileViewer/d0336d6801f44625b8e9392655d0e192?isRepresentation=false,https://digitarq.arquivos.pt/documentDetails/d0336d6801f44625b8e9392655d0e192
Prados,clb15,Registos de óbitos,PT/ADGRD/PRQ/PCLB15/003/00023,1886-01-01 – 1886-11-12,https://digitarq.arquivos.pt/fileViewer/465fc8e06fed4ca49d5735d2c2ce1b78?isRepresentation=false,https://digitarq.arquivos.pt/documentDetails/465fc8e06fed4ca49d5735d2c2ce1b78
Prados,clb15,Registos de óbitos,PT/ADGRD/PRQ/PCLB15/003/00024,1887-01-27 – 1887-12-13,https://digitarq.arquivos.pt/fileViewer/9665629dc11044dfb7f07e7f791d0ab0?isRepresentation=false,https://digitarq.arquivos.pt/documentDetails/9665629dc11044dfb7f07e7f791d0ab0
Prados,clb15,Registos de óbitos,PT/ADGRD/PRQ/PCLB15/003/00025,1888-01-20 – 1888-12-31,https://digitarq.arquivos.pt/fileViewer/0fca04e9d5e441d897c173e8cc723d59?isRepresentation=false,https://digitarq.arquivos.pt/documentDetails/0fca04e9d5e441d897c173e8cc723d59
Prados,clb15,Registos de óbitos,PT/ADGRD/PRQ/PCLB15/003/00026,1889-01-26 – 1889-10-27,https://digitarq.arquivos.pt/fileViewer/eba9ab5cde574a5585e6ea6ddbcb5f7a?isRepresentation=false,https://digitarq.arquivos.pt/documentDetails/eba9ab5cde574a5585e6ea6ddbcb5f7a
Prados,clb15,Registos de óbitos,PT/ADGRD/PRQ/PCLB15/003/00027,1890-01-07 – 1890-12-25,https://digitarq.arquivos.pt/fileViewer/ea1b34020dbb4a8f82a307bcc450bd9d?isRepresentation=false,https://digitarq.arquivos.pt/documentDetails/ea1b34020dbb4a8f82a307bcc450bd9d
Prados,clb15,Registos de óbitos,PT/ADGRD/PRQ/PCLB15/003/00028,1891-01-02 – 1891-11-10,https://digitarq.arquivos.pt/fileViewer/e81333cb3cc74b4295e4909dc6681129?isRepresentation=false,https://digitarq.arquivos.pt/documentDetails/e81333cb3cc74b4295e4909dc6681129
Prados,clb15,Registos de óbitos,PT/ADGRD/PRQ/PCLB15/003/00029,1892-01-01 – 1892-11-30,https://digitarq.arquivos.pt/fileViewer/fd4f88c1ba734f59aa9e7176aad4d62e?isRepresentation=false,https://digitarq.arquivos.pt/documentDetails/fd4f88c1ba734f59aa9e7176aad4d62e
Prados,clb15,Registos de óbitos,PT/ADGRD/PRQ/PCLB15/003/00030,1893-02-19 – 1893-12-12,https://digitarq.arquivos.pt/fileViewer/35c7b4c52e214109b75f3e6801f2ae32?isRepresentation=false,https://digitarq.arquivos.pt/documentDetails/35c7b4c52e214109b75f3e6801f2ae32
Prados,clb15,Registos de óbitos,PT/ADGRD/PRQ/PCLB15/003/00031,1894-01-02 – 1894-12-20,https://digitarq.arquivos.pt/fileViewer/ef4ad15d4f4440d9a2001a0684478eb1?isRepresentation=false,https://digitarq.arquivos.pt/documentDetails/ef4ad15d4f4440d9a2001a0684478eb1
Prados,clb15,Registos de óbitos,PT/ADGRD/PRQ/PCLB15/003/00032,1895-01-20 – 1895-12-21,https://digitarq.arquivos.pt/fileViewer/7ed3625e3642438591a91ba9c578a28e?isRepresentation=false,https://digitarq.arquivos.pt/documentDetails/7ed3625e3642438591a91ba9c578a28e
Prados,clb15,Registos de óbitos,PT/ADGRD/PRQ/PCLB15/003/00033,1896-01-08 – 1896-12-16,https://digitarq.arquivos.pt/fileViewer/25bf3d14edce4c67864f2cd9f52b8f38?isRepresentation=false,https://digitarq.arquivos.pt/documentDetails/25bf3d14edce4c67864f2cd9f52b8f38
Prados,clb15,Registos de óbitos,PT/ADGRD/PRQ/PCLB15/003/00034,1897-01-08 – 1897-12-25,https://digitarq.arquivos.pt/fileViewer/6743fff49a4142c7ab19899e74085d21?isRepresentation=false,https://digitarq.arquivos.pt/documentDetails/6743fff49a4142c7ab19899e74085d21
Prados,clb15,Registos de óbitos,PT/ADGRD/PRQ/PCLB15/003/00035,1898-01-21 – 1898-11-01,https://digitarq.arquivos.pt/fileViewer/cc0d924ca364421caea81f620223398c?isRepresentation=false,https://digitarq.arquivos.pt/documentDetails/cc0d924ca364421caea81f620223398c
Prados,clb15,Registos de óbitos,PT/ADGRD/PRQ/PCLB15/003/00036,1899-02-23 – 1899-12-15,https://digitarq.arquivos.pt/fileViewer/b8b29526f6e44058952027876cd126bd?isRepresentation=false,https://digitarq.arquivos.pt/documentDetails/b8b29526f6e44058952027876cd126bd
Prados,clb15,Registos de óbitos,PT/ADGRD/PRQ/PCLB15/003/00037,1900-03-29 – 1900-10-02,https://digitarq.arquivos.pt/fileViewer/0de7145e3ef94a22a9f55071fa93463b?isRepresentation=false,https://digitarq.arquivos.pt/documentDetails/0de7145e3ef94a22a9f55071fa93463b
Prados,clb15,Registos de óbitos,PT/ADGRD/PRQ/PCLB15/003/00038,1901-03-22 – 1901-11-28,https://digitarq.arquivos.pt/fileViewer/605953428693493892c2f2942ec4c744?isRepresentation=false,https://digitarq.arquivos.pt/documentDetails/605953428693493892c2f2942ec4c744
Prados,clb15,Registos de óbitos,PT/ADGRD/PRQ/PCLB15/003/00039,1902-01-08 – 1902-08-28,https://digitarq.arquivos.pt/fileViewer/9f6c11de43354ebc889598bf6cd8f38b?isRepresentation=false,https://digitarq.arquivos.pt/documentDetails/9f6c11de43354ebc889598bf6cd8f38b
Prados,clb15,Registos de óbitos,PT/ADGRD/PRQ/PCLB15/003/00040,1903-02-06 – 1903-12-01,https://digitarq.arquivos.pt/fileViewer/de299b45f87b4fb1b9b657ac24e3229b?isRepresentation=false,https://digitarq.arquivos.pt/documentDetails/de299b45f87b4fb1b9b657ac24e3229b
Prados,clb15,Registos de óbitos,PT/ADGRD/PRQ/PCLB15/003/00041,1904-01-14 – 1904-12-12,https://digitarq.arquivos.pt/fileViewer/1180ee77acc9411db2fcb970bac19f41?isRepresentation=false,https://digitarq.arquivos.pt/documentDetails/1180ee77acc9411db2fcb970bac19f41
Prados,clb15,Registos de óbitos,PT/ADGRD/PRQ/PCLB15/003/00042,1905-01-01 – 1905-09-24,https://digitarq.arquivos.pt/fileViewer/1bd233ffd6da4221b45339f5439ef07c?isRepresentation=false,https://digitarq.arquivos.pt/documentDetails/1bd233ffd6da4221b45339f5439ef07c
Prados,clb15,Registos de óbitos,PT/ADGRD/PRQ/PCLB15/003/00043,1906-02-10 – 1906-12-30,https://digitarq.arquivos.pt/fileViewer/deec522f0c95437b8bcf5317c62f3ff8?isRepresentation=false,https://digitarq.arquivos.pt/documentDetails/deec522f0c95437b8bcf5317c62f3ff8
Prados,clb15,Registos de óbitos,PT/ADGRD/PRQ/PCLB15/003/00044,1907-01-02 – 1907-08-26,https://digitarq.arquivos.pt/fileViewer/5c88c502c9fc40b594598fce64d69d76?isRepresentation=false,https://digitarq.arquivos.pt/documentDetails/5c88c502c9fc40b594598fce64d69d76
Prados,clb15,Registos de óbitos,PT/ADGRD/PRQ/PCLB15/003/00045,1908-01-02 – 1908-12-27,https://digitarq.arquivos.pt/fileViewer/e9d2ffc10bfe406f8c46d00a9af868ad?isRepresentation=false,https://digitarq.arquivos.pt/documentDetails/e9d2ffc10bfe406f8c46d00a9af868ad
Prados,clb15,Registos de óbitos,PT/ADGRD/PRQ/PCLB15/003/00046,1909-01-14 – 1909-11-12,https://digitarq.arquivos.pt/fileViewer/de052f9146964165bfea61ac1f51c4e5?isRepresentation=false,https://digitarq.arquivos.pt/documentDetails/de052f9146964165bfea61ac1f51c4e5
Prados,clb15,Registos de óbitos,PT/ADGRD/PRQ/PCLB15/003/00047,1910-03-06 – 1910-12-23,https://digitarq.arquivos.pt/fileViewer/22bd505129384514af2a680a00a902da?isRepresentation=false,https://digitarq.arquivos.pt/documentDetails/22bd505129384514af2a680a00a902da
Prados,clb15,Registos de óbitos,PT/ADGRD/PRQ/PCLB15/003/00048,1911-01-20 – 1911-02-27,https://digitarq.arquivos.pt/fileViewer/914e329bd8504635898bcefabdff1d53?isRepresentation=false,https://digitarq.arquivos.pt/documentDetails/914e329bd8504635898bcefabdff1d53
Prados,clb15,Registos de óbitos,"Após 1911, vigoram os livros do Registo Civil localizados a nível concelhio.",1911-04-01 –,/m/clb,
Rapa,clb16,Registos de óbitos,PT/ADGRD/PRQ/PCLB16/003/00001,1850-08-13 – 1859-11-04,https://digitarq.arquivos.pt/fileViewer/c82ebb87e0c24346952f4a746394d839?isRepresentation=false,https://digitarq.arquivos.pt/documentDetails/c82ebb87e0c24346952f4a746394d839
Rapa,clb16,Registos de óbitos,PT/ADGRD/PRQ/PCLB16/003/00002,1860-03-10 – 1860-12-17,https://digitarq.arquivos.pt/fileViewer/b3fd99a689c94b2ab7e6b3f74d87dd01?isRepresentation=false,https://digitarq.arquivos.pt/documentDetails/b3fd99a689c94b2ab7e6b3f74d87dd01
Rapa,clb16,Registos de óbitos,PT/ADGRD/PRQ/PCLB16/003/00003,1861-04-12 – 1861-12-30,https://digitarq.arquivos.pt/fileViewer/60347727322340e0b1cb01007d822c51?isRepresentation=false,https://digitarq.arquivos.pt/documentDetails/60347727322340e0b1cb01007d822c51
Rapa,clb16,Registos de óbitos,PT/ADGRD/PRQ/PCLB16/003/00004,1862-01-06 – 1862-12-25,https://digitarq.arquivos.pt/fileViewer/2f572f0d8f4b44c38bdd60edd031aec9?isRepresentation=false,https://digitarq.arquivos.pt/documentDetails/2f572f0d8f4b44c38bdd60edd031aec9
Rapa,clb16,Registos de óbitos,PT/ADGRD/PRQ/PCLB16/003/00005,1863-03-07 – 1863-12-26,https://digitarq.arquivos.pt/fileViewer/a760ace9b99e456a83f93cd0160208ab?isRepresentation=false,https://digitarq.arquivos.pt/documentDetails/a760ace9b99e456a83f93cd0160208ab
Rapa,clb16,Registos de óbitos,PT/ADGRD/PRQ/PCLB16/003/00006,1864-01-12 – 1864-12-04,https://digitarq.arquivos.pt/fileViewer/87bfdcf28c3b481587c89d8cc55293ea?isRepresentation=false,https://digitarq.arquivos.pt/documentDetails/87bfdcf28c3b481587c89d8cc55293ea
Rapa,clb16,Registos de óbitos,PT/ADGRD/PRQ/PCLB16/003/00007,1865-01-05 – 1865-12-27,https://digitarq.arquivos.pt/fileViewer/d67b62e6ed2e4e7eb7dbd66e3c1789cd?isRepresentation=false,https://digitarq.arquivos.pt/documentDetails/d67b62e6ed2e4e7eb7dbd66e3c1789cd
Rapa,clb16,Registos de óbitos,PT/ADGRD/PRQ/PCLB16/003/00008,1866-01-12 – 1866-12-22,https://digitarq.arquivos.pt/fileViewer/e93a011e41614f1e897837295ddcab84?isRepresentation=false,https://digitarq.arquivos.pt/documentDetails/e93a011e41614f1e897837295ddcab84
Rapa,clb16,Registos de óbitos,PT/ADGRD/PRQ/PCLB16/003/00009,1867-01-03 – 1867-12-31,https://digitarq.arquivos.pt/fileViewer/2312b2ca560b4efab1db07fbcb8be289?isRepresentation=false,https://digitarq.arquivos.pt/documentDetails/2312b2ca560b4efab1db07fbcb8be289
Rapa,clb16,Registos de óbitos,PT/ADGRD/PRQ/PCLB16/003/00010,1868-02-08 – 1868-12-05,https://digitarq.arquivos.pt/fileViewer/0319553489cc4fa89441629b0fea2c3a?isRepresentation=false,https://digitarq.arquivos.pt/documentDetails/0319553489cc4fa89441629b0fea2c3a
Rapa,clb16,Registos de óbitos,PT/ADGRD/PRQ/PCLB16/003/00011,1869-01-03 – 1869-12-26,https://digitarq.arquivos.pt/fileViewer/10c79b9b492c424592b2e64c7f552506?isRepresentation=false,https://digitarq.arquivos.pt/documentDetails/10c79b9b492c424592b2e64c7f552506
Rapa,clb16,Registos de óbitos,PT/ADGRD/PRQ/PCLB16/003/00012,1870-02-10 – 1870-12-21,https://digitarq.arquivos.pt/fileViewer/d589f878318d44eb888a66803f1ab27c?isRepresentation=false,https://digitarq.arquivos.pt/documentDetails/d589f878318d44eb888a66803f1ab27c
Rapa,clb16,Registos de óbitos,PT/ADGRD/PRQ/PCLB16/003/00013,1871-02-23 – 1871-12-29,https://digitarq.arquivos.pt/fileViewer/f8392d260f964b4c9e565f8e1957cdbf?isRepresentation=false,https://digitarq.arquivos.pt/documentDetails/f8392d260f964b4c9e565f8e1957cdbf
Rapa,clb16,Registos de óbitos,PT/ADGRD/PRQ/PCLB16/003/00014,1872-01-02 – 1872-12-26,https://digitarq.arquivos.pt/fileViewer/3088302cc8394023b56f8444f0c0f432?isRepresentation=false,https://digitarq.arquivos.pt/documentDetails/3088302cc8394023b56f8444f0c0f432
Rapa,clb16,Registos de óbitos,PT/ADGRD/PRQ/PCLB16/003/00015,1873-01-04 – 1873-12-28,https://digitarq.arquivos.pt/fileViewer/7307f41805834dca83deed9db2414d6a?isRepresentation=false,https://digitarq.arquivos.pt/documentDetails/7307f41805834dca83deed9db2414d6a
Rapa,clb16,Registos de óbitos,PT/ADGRD/PRQ/PCLB16/003/00016,1874-03-20 – 1874-12-20,https://digitarq.arquivos.pt/fileViewer/d0da7ff431c54996a7887f5d59b9dd7e?isRepresentation=false,https://digitarq.arquivos.pt/documentDetails/d0da7ff431c54996a7887f5d59b9dd7e
Rapa,clb16,Registos de óbitos,PT/ADGRD/PRQ/PCLB16/003/00017,1875-02-23 – 1875-10-17,https://digitarq.arquivos.pt/fileViewer/628c9dcf862f4b039373ab60d17a1653?isRepresentation=false,https://digitarq.arquivos.pt/documentDetails/628c9dcf862f4b039373ab60d17a1653
Rapa,clb16,Registos de óbitos,PT/ADGRD/PRQ/PCLB16/003/00018,1876-01-28 – 1876-12-08,https://digitarq.arquivos.pt/fileViewer/e38bb3af36c74419b83ae2991172b109?isRepresentation=false,https://digitarq.arquivos.pt/documentDetails/e38bb3af36c74419b83ae2991172b109
Rapa,clb16,Registos de óbitos,PT/ADGRD/PRQ/PCLB16/003/00019,1877-01-10 – 1877-12-04,https://digitarq.arquivos.pt/fileViewer/fc4b99df17e144f89305e009bcb8852b?isRepresentation=false,https://digitarq.arquivos.pt/documentDetails/fc4b99df17e144f89305e009bcb8852b
Rapa,clb16,Registos de óbitos,PT/ADGRD/PRQ/PCLB16/003/00020,1878-02-11 – 1878-12-13,https://digitarq.arquivos.pt/fileViewer/7093154a8a5e4223a2190e4b6b4d3b04?isRepresentation=false,https://digitarq.arquivos.pt/documentDetails/7093154a8a5e4223a2190e4b6b4d3b04
Rapa,clb16,Registos de óbitos,PT/ADGRD/PRQ/PCLB16/003/00021,1879-01-20 – 1879-12-29,https://digitarq.arquivos.pt/fileViewer/cf1f42c742724c62bad781bbc8a138ac?isRepresentation=false,https://digitarq.arquivos.pt/documentDetails/cf1f42c742724c62bad781bbc8a138ac
Rapa,clb16,Registos de óbitos,PT/ADGRD/PRQ/PCLB16/003/00022,1880-01-27 – 1880-12-23,https://digitarq.arquivos.pt/fileViewer/5af99274d2c84ec9a4b1ba60ffa44e23?isRepresentation=false,https://digitarq.arquivos.pt/documentDetails/5af99274d2c84ec9a4b1ba60ffa44e23
Rapa,clb16,Registos de óbitos,PT/ADGRD/PRQ/PCLB16/003/00023,1881-07-14 – 1881-10-08,https://digitarq.arquivos.pt/fileViewer/e382229806d0450a9ccb7a0ff657cccc?isRepresentation=false,https://digitarq.arquivos.pt/documentDetails/e382229806d0450a9ccb7a0ff657cccc
Rapa,clb16,Registos de óbitos,PT/ADGRD/PRQ/PCLB16/003/00024,1882-01-05 – 1882-12-16,https://digitarq.arquivos.pt/fileViewer/c1917d0806a64feca27c0a55514ef41a?isRepresentation=false,https://digitarq.arquivos.pt/documentDetails/c1917d0806a64feca27c0a55514ef41a
Rapa,clb16,Registos de óbitos,PT/ADGRD/PRQ/PCLB16/003/00025,1883-01-02 – 1883-12-25,https://digitarq.arquivos.pt/fileViewer/2a8338cc107748169a24954f4f89654d?isRepresentation=false,https://digitarq.arquivos.pt/documentDetails/2a8338cc107748169a24954f4f89654d
Rapa,clb16,Registos de óbitos,PT/ADGRD/PRQ/PCLB16/003/00026,1884-01-09 – 1884-11-26,https://digitarq.arquivos.pt/fileViewer/b8e70bf772cc43caa0e2741fc2320739?isRepresentation=false,https://digitarq.arquivos.pt/documentDetails/b8e70bf772cc43caa0e2741fc2320739
Rapa,clb16,Registos de óbitos,PT/ADGRD/PRQ/PCLB16/003/00027,1885-01-02 – 1885-11-22,https://digitarq.arquivos.pt/fileViewer/fd87b33410c94ff1987f0e181cf9317e?isRepresentation=false,https://digitarq.arquivos.pt/documentDetails/fd87b33410c94ff1987f0e181cf9317e
Rapa,clb16,Registos de óbitos,PT/ADGRD/PRQ/PCLB16/003/00028,1886-01-10 – 1886-12-31,https://digitarq.arquivos.pt/fileViewer/b8a1ea4584984cfd945c39c9f0199290?isRepresentation=false,https://digitarq.arquivos.pt/documentDetails/b8a1ea4584984cfd945c39c9f0199290
Rapa,clb16,Registos de óbitos,PT/ADGRD/PRQ/PCLB16/003/00029,1887-01-11 – 1887-11-28,https://digitarq.arquivos.pt/fileViewer/f4aa0b9988a04cfd9e4f35ae4884cde6?isRepresentation=false,https://digitarq.arquivos.pt/documentDetails/f4aa0b9988a04cfd9e4f35ae4884cde6
Rapa,clb16,Registos de óbitos,PT/ADGRD/PRQ/PCLB16/003/00030,1888-03-23 – 1888-11-28,https://digitarq.arquivos.pt/fileViewer/3c5b8383a7644ee8afcf5ba8733cf6d9?isRepresentation=false,https://digitarq.arquivos.pt/documentDetails/3c5b8383a7644ee8afcf5ba8733cf6d9
Rapa,clb16,Registos de óbitos,PT/ADGRD/PRQ/PCLB16/003/00031,1889-01-12 – 1889-12-20,https://digitarq.arquivos.pt/fileViewer/dafc4b49f4c84a8fa9ddf047e9bed0ad?isRepresentation=false,https://digitarq.arquivos.pt/documentDetails/dafc4b49f4c84a8fa9ddf047e9bed0ad
Rapa,clb16,Registos de óbitos,PT/ADGRD/PRQ/PCLB16/003/00032,1890-01-24 – 1890-11-30,https://digitarq.arquivos.pt/fileViewer/c5bbd0b5297442ca8d6b34b5c5d9e80f?isRepresentation=false,https://digitarq.arquivos.pt/documentDetails/c5bbd0b5297442ca8d6b34b5c5d9e80f
Rapa,clb16,Registos de óbitos,PT/ADGRD/PRQ/PCLB16/003/00033,1891-01-27 – 1891-12-16,https://digitarq.arquivos.pt/fileViewer/62b441e1421a43b6b2fb5464597a45c1?isRepresentation=false,https://digitarq.arquivos.pt/documentDetails/62b441e1421a43b6b2fb5464597a45c1
Rapa,clb16,Registos de óbitos,PT/ADGRD/PRQ/PCLB16/003/00034,1892-01-14 – 1892-12-27,https://digitarq.arquivos.pt/fileViewer/85c1eb159a1b4eb88e8df45f96791dff?isRepresentation=false,https://digitarq.arquivos.pt/documentDetails/85c1eb159a1b4eb88e8df45f96791dff
Rapa,clb16,Registos de óbitos,PT/ADGRD/PRQ/PCLB16/003/00035,1893-01-16 – 1893-12-11,https://digitarq.arquivos.pt/fileViewer/47f4559b30d541019a80aaf2c5183722?isRepresentation=false,https://digitarq.arquivos.pt/documentDetails/47f4559b30d541019a80aaf2c5183722
Rapa,clb16,Registos de óbitos,PT/ADGRD/PRQ/PCLB16/003/00036,1894-01-23 – 1894-12-24,https://digitarq.arquivos.pt/fileViewer/18f680cd793e4de88b7029d67dc6ec6c?isRepresentation=false,https://digitarq.arquivos.pt/documentDetails/18f680cd793e4de88b7029d67dc6ec6c
Rapa,clb16,Registos de óbitos,PT/ADGRD/PRQ/PCLB16/003/00037,1895-01-01 – 1895-11-29,https://digitarq.arquivos.pt/fileViewer/d3f8305023034c98ac343cf27323807c?isRepresentation=false,https://digitarq.arquivos.pt/documentDetails/d3f8305023034c98ac343cf27323807c
Rapa,clb16,Registos de óbitos,PT/ADGRD/PRQ/PCLB16/003/00038,1896-01-06 – 1896-11-23,https://digitarq.arquivos.pt/fileViewer/9d6a50f36bcf4bd98581632391e4b326?isRepresentation=false,https://digitarq.arquivos.pt/documentDetails/9d6a50f36bcf4bd98581632391e4b326
Rapa,clb16,Registos de óbitos,PT/ADGRD/PRQ/PCLB16/003/00039,1897-01-20 – 1897-11-04,https://digitarq.arquivos.pt/fileViewer/2f805debafec41abb4686189316298a0?isRepresentation=false,https://digitarq.arquivos.pt/documentDetails/2f805debafec41abb4686189316298a0
Rapa,clb16,Registos de óbitos,PT/ADGRD/PRQ/PCLB16/003/00040,1898-01-17 – 1898-12-22,https://digitarq.arquivos.pt/fileViewer/ed2ad56649fb4feda48877d0aacc840b?isRepresentation=false,https://digitarq.arquivos.pt/documentDetails/ed2ad56649fb4feda48877d0aacc840b
Rapa,clb16,Registos de óbitos,PT/ADGRD/PRQ/PCLB16/003/00041,1899-01-02 – 1899-12-07,https://digitarq.arquivos.pt/fileViewer/2d2c832d0bcc4def9bd78f7b29ed1dab?isRepresentation=false,https://digitarq.arquivos.pt/documentDetails/2d2c832d0bcc4def9bd78f7b29ed1dab
Rapa,clb16,Registos de óbitos,PT/ADGRD/PRQ/PCLB16/003/00042,1900-01-30 – 1900-12-11,https://digitarq.arquivos.pt/fileViewer/20efd132112e40eb9e15cf607837ccd4?isRepresentation=false,https://digitarq.arquivos.pt/documentDetails/20efd132112e40eb9e15cf607837ccd4
Rapa,clb16,Registos de óbitos,PT/ADGRD/PRQ/PCLB16/003/00043,1901-01-23 – 1901-10-30,https://digitarq.arquivos.pt/fileViewer/83319e3e0ee64051a47a3a9d70fe2d96?isRepresentation=false,https://digitarq.arquivos.pt/documentDetails/83319e3e0ee64051a47a3a9d70fe2d96
Rapa,clb16,Registos de óbitos,PT/ADGRD/PRQ/PCLB16/003/00044,1902-04-10 – 1902-12-12,https://digitarq.arquivos.pt/fileViewer/c3b7e4aff8764f4f8582a6e4c0d05e81?isRepresentation=false,https://digitarq.arquivos.pt/documentDetails/c3b7e4aff8764f4f8582a6e4c0d05e81
Rapa,clb16,Registos de óbitos,PT/ADGRD/PRQ/PCLB16/003/00045,1903-01-01 – 1903-12-18,https://digitarq.arquivos.pt/fileViewer/22b560119187404b93c961310fe2ee9d?isRepresentation=false,https://digitarq.arquivos.pt/documentDetails/22b560119187404b93c961310fe2ee9d
Rapa,clb16,Registos de óbitos,PT/ADGRD/PRQ/PCLB16/003/00046,1904-01-25 – 1904-11-10,https://digitarq.arquivos.pt/fileViewer/c0b1ef3bbf2641328f0b4cbb55fd383a?isRepresentation=false,https://digitarq.arquivos.pt/documentDetails/c0b1ef3bbf2641328f0b4cbb55fd383a
Rapa,clb16,Registos de óbitos,PT/ADGRD/PRQ/PCLB16/003/00047,1905-02-18 – 1905-12-11,https://digitarq.arquivos.pt/fileViewer/9f02d6bd835f483a9747a09de373676d?isRepresentation=false,https://digitarq.arquivos.pt/documentDetails/9f02d6bd835f483a9747a09de373676d
Rapa,clb16,Registos de óbitos,PT/ADGRD/PRQ/PCLB16/003/00048,1906-01-23 – 1906-12-30,https://digitarq.arquivos.pt/fileViewer/39050fbfed5d4e5da8de004d8a98e6bd?isRepresentation=false,https://digitarq.arquivos.pt/documentDetails/39050fbfed5d4e5da8de004d8a98e6bd
Rapa,clb16,Registos de óbitos,PT/ADGRD/PRQ/PCLB16/003/00049,1907-01-04 – 1907-12-25,https://digitarq.arquivos.pt/fileViewer/1998c6d19ef043319aaaff780e7fc5c5?isRepresentation=false,https://digitarq.arquivos.pt/documentDetails/1998c6d19ef043319aaaff780e7fc5c5
Rapa,clb16,Registos de óbitos,PT/ADGRD/PRQ/PCLB16/003/00050,1908-01-26 – 1908-12-18,https://digitarq.arquivos.pt/fileViewer/d50a287542334cc898bb99f11b64e790?isRepresentation=false,https://digitarq.arquivos.pt/documentDetails/d50a287542334cc898bb99f11b64e790
Rapa,clb16,Registos de óbitos,PT/ADGRD/PRQ/PCLB16/003/00051,1909-02-02 – 1909-12-21,https://digitarq.arquivos.pt/fileViewer/747f200ebe6a4fd1bfa88560df112ee7?isRepresentation=false,https://digitarq.arquivos.pt/documentDetails/747f200ebe6a4fd1bfa88560df112ee7
Rapa,clb16,Registos de óbitos,PT/ADGRD/PRQ/PCLB16/003/00052,1910-01-08 – 1910-10-13,https://digitarq.arquivos.pt/fileViewer/338e7c0c90d54f599ca155f11b1cc723?isRepresentation=false,https://digitarq.arquivos.pt/documentDetails/338e7c0c90d54f599ca155f11b1cc723
Rapa,clb16,Registos de óbitos,PT/ADGRD/PRQ/PCLB16/003/00053,1911-04-25 – 1911-12-05,https://digitarq.arquivos.pt/fileViewer/4d14f00ffba34fbfb5bce78d260bac08?isRepresentation=false,https://digitarq.arquivos.pt/documentDetails/4d14f00ffba34fbfb5bce78d260bac08
Rapa,clb16,Registos de óbitos,"Após 1911, vigoram os livros do Registo Civil localizados a nível concelhio.",1911-04-01 –,/m/clb,
Ratoeira,clb17,Registos de óbitos,PT/TT/PRQ/PCLB17/003/O1,1711-01-01 – 1771-12-31,https://digitarq.arquivos.pt/fileViewer/03a2cfc946ee49ac8df509b8ad6c3886?isRepresentation=false,https://digitarq.arquivos.pt/documentDetails/03a2cfc946ee49ac8df509b8ad6c3886
Ratoeira,clb17,Registos de óbitos,PT/TT/PRQ/PCLB17/003/O2,1771-01-01 – 1810-12-31,https://digitarq.arquivos.pt/fileViewer/cdf09923f5024534a735b92026e7defa?isRepresentation=false,https://digitarq.arquivos.pt/documentDetails/cdf09923f5024534a735b92026e7defa
Ratoeira,clb17,Registos de óbitos,PT/TT/PRQ/PCLB17/003/O3,1811-01-01 – 1859-12-31,https://digitarq.arquivos.pt/fileViewer/bc4914f6ba864effb491d0edc4f2e139?isRepresentation=false,https://digitarq.arquivos.pt/documentDetails/bc4914f6ba864effb491d0edc4f2e139
Ratoeira,clb17,Registos de óbitos,PT/ADGRD/PRQ/PCLB17/003/00001,1860-01-28 – 1860-12-23,https://digitarq.arquivos.pt/fileViewer/bc1854ac89004909a4db3f9248151494?isRepresentation=false,https://digitarq.arquivos.pt/documentDetails/bc1854ac89004909a4db3f9248151494
Ratoeira,clb17,Registos de óbitos,PT/ADGRD/PRQ/PCLB17/003/00002,1861-01-19 – 1861-12-24,https://digitarq.arquivos.pt/fileViewer/d50e9f7d7634499b845be89a0bed7229?isRepresentation=false,https://digitarq.arquivos.pt/documentDetails/d50e9f7d7634499b845be89a0bed7229
Ratoeira,clb17,Registos de óbitos,PT/ADGRD/PRQ/PCLB17/003/00003,1862-01-04 – 1862-11-02,https://digitarq.arquivos.pt/fileViewer/057eb894af234fe9869eeb5a29280dd6?isRepresentation=false,https://digitarq.arquivos.pt/documentDetails/057eb894af234fe9869eeb5a29280dd6
Ratoeira,clb17,Registos de óbitos,PT/ADGRD/PRQ/PCLB17/003/00004,1863-07-09 – 1863-12-22,https://digitarq.arquivos.pt/fileViewer/760391de8419420389267f57f84c536d?isRepresentation=false,https://digitarq.arquivos.pt/documentDetails/760391de8419420389267f57f84c536d
Ratoeira,clb17,Registos de óbitos,PT/ADGRD/PRQ/PCLB17/003/00005,1864-03-02 – 1864-12-31,https://digitarq.arquivos.pt/fileViewer/56f0b30e3ed243f0b0f0e4b93febb34f?isRepresentation=false,https://digitarq.arquivos.pt/documentDetails/56f0b30e3ed243f0b0f0e4b93febb34f
Ratoeira,clb17,Registos de óbitos,PT/ADGRD/PRQ/PCLB17/003/00006,1865-01-04 – 1865-12-11,https://digitarq.arquivos.pt/fileViewer/1d41c3351b874f6fb703dcc6ca080878?isRepresentation=false,https://digitarq.arquivos.pt/documentDetails/1d41c3351b874f6fb703dcc6ca080878
Ratoeira,clb17,Registos de óbitos,PT/ADGRD/PRQ/PCLB17/003/00007,1866-02-05 – 1866-12-21,https://digitarq.arquivos.pt/fileViewer/5e17dccc3ea64fdc83522d196b1527f7?isRepresentation=false,https://digitarq.arquivos.pt/documentDetails/5e17dccc3ea64fdc83522d196b1527f7
Ratoeira,clb17,Registos de óbitos,PT/ADGRD/PRQ/PCLB17/003/00008,1867-04-05 – 1867-12-19,https://digitarq.arquivos.pt/fileViewer/5d2fa5eab376481eb92c550f9858c535?isRepresentation=false,https://digitarq.arquivos.pt/documentDetails/5d2fa5eab376481eb92c550f9858c535
Ratoeira,clb17,Registos de óbitos,PT/ADGRD/PRQ/PCLB17/003/00009,1868-02-04 – 1868-11-04,https://digitarq.arquivos.pt/fileViewer/72a4b28dae2343cc8dff41cac14e44dc?isRepresentation=false,https://digitarq.arquivos.pt/documentDetails/72a4b28dae2343cc8dff41cac14e44dc
Ratoeira,clb17,Registos de óbitos,PT/ADGRD/PRQ/PCLB17/003/00010,1869-04-28 – 1869-11-04,https://digitarq.arquivos.pt/fileViewer/cf063ab4ca9a4645bc93d65a7265cba3?isRepresentation=false,https://digitarq.arquivos.pt/documentDetails/cf063ab4ca9a4645bc93d65a7265cba3
Ratoeira,clb17,Registos de óbitos,PT/ADGRD/PRQ/PCLB17/003/00011,1870-02-02 – 1870-12-17,https://digitarq.arquivos.pt/fileViewer/d928147646f74781ae1505527db7f501?isRepresentation=false,https://digitarq.arquivos.pt/documentDetails/d928147646f74781ae1505527db7f501
Ratoeira,clb17,Registos de óbitos,PT/ADGRD/PRQ/PCLB17/003/00012,1871-01-18 – 1871-12-30,https://digitarq.arquivos.pt/fileViewer/c2c3c5002c814a16aec4c168d3e66778?isRepresentation=false,https://digitarq.arquivos.pt/documentDetails/c2c3c5002c814a16aec4c168d3e66778
Ratoeira,clb17,Registos de óbitos,PT/ADGRD/PRQ/PCLB17/003/00013,1872-01-02 – 1872-12-02,https://digitarq.arquivos.pt/fileViewer/f10eed98ea584cf4a5226aee2c34c73b?isRepresentation=false,https://digitarq.arquivos.pt/documentDetails/f10eed98ea584cf4a5226aee2c34c73b
Ratoeira,clb17,Registos de óbitos,PT/ADGRD/PRQ/PCLB17/003/00014,1873-01-28 – 1873-12-25,https://digitarq.arquivos.pt/fileViewer/d09cc33383794413ab40449d0c64f826?isRepresentation=false,https://digitarq.arquivos.pt/documentDetails/d09cc33383794413ab40449d0c64f826
Ratoeira,clb17,Registos de óbitos,PT/ADGRD/PRQ/PCLB17/003/00015,1874-01-11 – 1874-12-10,https://digitarq.arquivos.pt/fileViewer/9460a091a1124763b0762e7f12a0fc17?isRepresentation=false,https://digitarq.arquivos.pt/documentDetails/9460a091a1124763b0762e7f12a0fc17
Ratoeira,clb17,Registos de óbitos,PT/ADGRD/PRQ/PCLB17/003/00016,1875-04-18 – 1875-10-15,https://digitarq.arquivos.pt/fileViewer/d1ece113555442a88102aa6d8e3420b1?isRepresentation=false,https://digitarq.arquivos.pt/documentDetails/d1ece113555442a88102aa6d8e3420b1
Ratoeira,clb17,Registos de óbitos,PT/ADGRD/PRQ/PCLB17/003/00017,1876-02-10 – 1876-08-07,https://digitarq.arquivos.pt/fileViewer/fd48405341584058bac329f66b5c707f?isRepresentation=false,https://digitarq.arquivos.pt/documentDetails/fd48405341584058bac329f66b5c707f
Ratoeira,clb17,Registos de óbitos,PT/ADGRD/PRQ/PCLB17/003/00018,1877-02-06 – 1877-12-12,https://digitarq.arquivos.pt/fileViewer/d16e814dc0e34948b54b6b394cc6e4ae?isRepresentation=false,https://digitarq.arquivos.pt/documentDetails/d16e814dc0e34948b54b6b394cc6e4ae
Ratoeira,clb17,Registos de óbitos,PT/ADGRD/PRQ/PCLB17/003/00019,1878-01-17 – 1878-12-27,https://digitarq.arquivos.pt/fileViewer/abc492f807654495af598cffb2081053?isRepresentation=false,https://digitarq.arquivos.pt/documentDetails/abc492f807654495af598cffb2081053
Ratoeira,clb17,Registos de óbitos,PT/ADGRD/PRQ/PCLB17/003/00020,1879-01-07 – 1879-12-17,https://digitarq.arquivos.pt/fileViewer/40ff769d089f47e58915a18de9bf1394?isRepresentation=false,https://digitarq.arquivos.pt/documentDetails/40ff769d089f47e58915a18de9bf1394
Ratoeira,clb17,Registos de óbitos,PT/ADGRD/PRQ/PCLB17/003/00021,1880-01-26 – 1880-11-10,https://digitarq.arquivos.pt/fileViewer/219e0bd79fbe4071a4bb6c7d753e2015?isRepresentation=false,https://digitarq.arquivos.pt/documentDetails/219e0bd79fbe4071a4bb6c7d753e2015
Ratoeira,clb17,Registos de óbitos,PT/ADGRD/PRQ/PCLB17/003/00022,1881-01-06 – 1881-01-06,https://digitarq.arquivos.pt/fileViewer/6bc8eeb4d4d84ed3b5f65d1e3dbcf05a?isRepresentation=false,https://digitarq.arquivos.pt/documentDetails/6bc8eeb4d4d84ed3b5f65d1e3dbcf05a
Ratoeira,clb17,Registos de óbitos,PT/ADGRD/PRQ/PCLB17/003/00023,1882-07-23 – 1882-12-20,https://digitarq.arquivos.pt/fileViewer/86d80014505842ca82252cae55d5fda2?isRepresentation=false,https://digitarq.arquivos.pt/documentDetails/86d80014505842ca82252cae55d5fda2
Ratoeira,clb17,Registos de óbitos,PT/ADGRD/PRQ/PCLB17/003/00024,1883-09-15 – 1883-12-28,https://digitarq.arquivos.pt/fileViewer/24783bf7c6124ddb8ba82a6e4846ce60?isRepresentation=false,https://digitarq.arquivos.pt/documentDetails/24783bf7c6124ddb8ba82a6e4846ce60
Ratoeira,clb17,Registos de óbitos,PT/ADGRD/PRQ/PCLB17/003/00025,1884-01-15 – 1884-12-09,https://digitarq.arquivos.pt/fileViewer/5a9395e1b00b4b1b960296635dd3ee94?isRepresentation=false,https://digitarq.arquivos.pt/documentDetails/5a9395e1b00b4b1b960296635dd3ee94
Ratoeira,clb17,Registos de óbitos,PT/ADGRD/PRQ/PCLB17/003/00026,1885-01-17 – 1885-12-31,https://digitarq.arquivos.pt/fileViewer/13a1e244b63d440ba0cddd34880d58f4?isRepresentation=false,https://digitarq.arquivos.pt/documentDetails/13a1e244b63d440ba0cddd34880d58f4
Ratoeira,clb17,Registos de óbitos,PT/ADGRD/PRQ/PCLB17/003/00027,1886-01-21 – 1886-12-09,https://digitarq.arquivos.pt/fileViewer/d5a7ba8f9af74674ace5da040b649c50?isRepresentation=false,https://digitarq.arquivos.pt/documentDetails/d5a7ba8f9af74674ace5da040b649c50
Ratoeira,clb17,Registos de óbitos,PT/ADGRD/PRQ/PCLB17/003/00028,1887-02-17 – 1887-10-24,https://digitarq.arquivos.pt/fileViewer/85a65c1a009549bd80b7178c10a63931?isRepresentation=false,https://digitarq.arquivos.pt/documentDetails/85a65c1a009549bd80b7178c10a63931
Ratoeira,clb17,Registos de óbitos,PT/ADGRD/PRQ/PCLB17/003/00029,1888-01-13 – 1888-12-20,https://digitarq.arquivos.pt/fileViewer/ee344cd62cb44199bfa79ecdb4e64359?isRepresentation=false,https://digitarq.arquivos.pt/documentDetails/ee344cd62cb44199bfa79ecdb4e64359
Ratoeira,clb17,Registos de óbitos,PT/ADGRD/PRQ/PCLB17/003/00030,1889-03-19 – 1889-12-18,https://digitarq.arquivos.pt/fileViewer/7a1be17989aa43b1a40f503cdcb69cb9?isRepresentation=false,https://digitarq.arquivos.pt/documentDetails/7a1be17989aa43b1a40f503cdcb69cb9
Ratoeira,clb17,Registos de óbitos,PT/ADGRD/PRQ/PCLB17/003/00031,1890-01-30 – 1890-12-28,https://digitarq.arquivos.pt/fileViewer/ae4a2c7d440549c59aceb42f51671bdd?isRepresentation=false,https://digitarq.arquivos.pt/documentDetails/ae4a2c7d440549c59aceb42f51671bdd
Ratoeira,clb17,Registos de óbitos,PT/ADGRD/PRQ/PCLB17/003/00032,1891-01-05 – 1891-12-25,https://digitarq.arquivos.pt/fileViewer/2430bdb087e44b43beb5aa98a15aa680?isRepresentation=false,https://digitarq.arquivos.pt/documentDetails/2430bdb087e44b43beb5aa98a15aa680
Ratoeira,clb17,Registos de óbitos,PT/ADGRD/PRQ/PCLB17/003/00033,1892-01-01 – 1892-12-21,https://digitarq.arquivos.pt/fileViewer/170be7d984e84c33bf95398b46b8c05e?isRepresentation=false,https://digitarq.arquivos.pt/documentDetails/170be7d984e84c33bf95398b46b8c05e
Ratoeira,clb17,Registos de óbitos,PT/ADGRD/PRQ/PCLB17/003/00034,1893-01-08 – 1893-12-17,https://digitarq.arquivos.pt/fileViewer/5950e3d16bd64f80830997c98e17ee7e?isRepresentation=false,https://digitarq.arquivos.pt/documentDetails/5950e3d16bd64f80830997c98e17ee7e
Ratoeira,clb17,Registos de óbitos,PT/ADGRD/PRQ/PCLB17/003/00035,1894-02-11 – 1894-10-24,https://digitarq.arquivos.pt/fileViewer/bc9cb7453df34f85af35d9966dd048e3?isRepresentation=false,https://digitarq.arquivos.pt/documentDetails/bc9cb7453df34f85af35d9966dd048e3
Ratoeira,clb17,Registos de óbitos,PT/ADGRD/PRQ/PCLB17/003/00036,1895-01-13 – 1895-11-29,https://digitarq.arquivos.pt/fileViewer/acfc0f79d653484fb487eada9d1deedd?isRepresentation=false,https://digitarq.arquivos.pt/documentDetails/acfc0f79d653484fb487eada9d1deedd
Ratoeira,clb17,Registos de óbitos,PT/ADGRD/PRQ/PCLB17/003/00037,1896-01-22 – 1896-11-06,https://digitarq.arquivos.pt/fileViewer/0ec463a4a2214c6e85a0862d36d547c4?isRepresentation=false,https://digitarq.arquivos.pt/documentDetails/0ec463a4a2214c6e85a0862d36d547c4
Ratoeira,clb17,Registos de óbitos,PT/ADGRD/PRQ/PCLB17/003/00038,1897-01-08 – 1897-12-18,https://digitarq.arquivos.pt/fileViewer/9cdb79c6ab254142bdb75f6bca029554?isRepresentation=false,https://digitarq.arquivos.pt/documentDetails/9cdb79c6ab254142bdb75f6bca029554
Ratoeira,clb17,Registos de óbitos,PT/ADGRD/PRQ/PCLB17/003/00039,1898-01-26 – 1898-12-01,https://digitarq.arquivos.pt/fileViewer/7659fbbc2d514bf89f81992d4a011e27?isRepresentation=false,https://digitarq.arquivos.pt/documentDetails/7659fbbc2d514bf89f81992d4a011e27
Ratoeira,clb17,Registos de óbitos,PT/ADGRD/PRQ/PCLB17/003/00040,1899-02-27 – 1899-11-17,https://digitarq.arquivos.pt/fileViewer/93bf6012fdeb4e40a2c2356533458e59?isRepresentation=false,https://digitarq.arquivos.pt/documentDetails/93bf6012fdeb4e40a2c2356533458e59
Ratoeira,clb17,Registos de óbitos,PT/ADGRD/PRQ/PCLB17/003/00041,1900-01-31 – 1900-12-24,https://digitarq.arquivos.pt/fileViewer/dd1b3cf075b349e98f516ebbeb34b604?isRepresentation=false,https://digitarq.arquivos.pt/documentDetails/dd1b3cf075b349e98f516ebbeb34b604
Ratoeira,clb17,Registos de óbitos,PT/ADGRD/PRQ/PCLB17/003/00042,1901-01-27 – 1901-11-26,https://digitarq.arquivos.pt/fileViewer/ff9f92709c48405ab719456cf48fd949?isRepresentation=false,https://digitarq.arquivos.pt/documentDetails/ff9f92709c48405ab719456cf48fd949
Ratoeira,clb17,Registos de óbitos,PT/ADGRD/PRQ/PCLB17/003/00043,1902-01-25 – 1902-12-21,https://digitarq.arquivos.pt/fileViewer/26020f8e0aac4051912b7992670f740b?isRepresentation=false,https://digitarq.arquivos.pt/documentDetails/26020f8e0aac4051912b7992670f740b
Ratoeira,clb17,Registos de óbitos,PT/ADGRD/PRQ/PCLB17/003/00044,1903-03-08 – 1903-12-07,https://digitarq.arquivos.pt/fileViewer/d0721bd002b84fca87ff73e234b77915?isRepresentation=false,https://digitarq.arquivos.pt/documentDetails/d0721bd002b84fca87ff73e234b77915
Ratoeira,clb17,Registos de óbitos,PT/ADGRD/PRQ/PCLB17/003/00045,1904-01-23 – 1904-11-29,https://digitarq.arquivos.pt/fileViewer/9e9b76bb7026496da54baa27e3580e58?isRepresentation=false,https://digitarq.arquivos.pt/documentDetails/9e9b76bb7026496da54baa27e3580e58
Ratoeira,clb17,Registos de óbitos,PT/ADGRD/PRQ/PCLB17/003/00046,1905-01-24 – 1905-12-28,https://digitarq.arquivos.pt/fileViewer/a60eaa9693f448e1985a2eea07651692?isRepresentation=false,https://digitarq.arquivos.pt/documentDetails/a60eaa9693f448e1985a2eea07651692
Ratoeira,clb17,Registos de óbitos,PT/ADGRD/PRQ/PCLB17/003/00047,1906-01-08 – 1906-12-23,https://digitarq.arquivos.pt/fileViewer/87a21e2db2a1424b9f8b6215ce26d5e0?isRepresentation=false,https://digitarq.arquivos.pt/documentDetails/87a21e2db2a1424b9f8b6215ce26d5e0
Ratoeira,clb17,Registos de óbitos,PT/ADGRD/PRQ/PCLB17/003/00048,1907-03-01 – 1907-12-18,https://digitarq.arquivos.pt/fileViewer/3c42ed4a8b5041cfa5ccb569f111b53d?isRepresentation=false,https://digitarq.arquivos.pt/documentDetails/3c42ed4a8b5041cfa5ccb569f111b53d
Ratoeira,clb17,Registos de óbitos,PT/ADGRD/PRQ/PCLB17/003/00049,1908-03-15 – 1908-12-28,https://digitarq.arquivos.pt/fileViewer/41c5c299292946be93e99173e3a24563?isRepresentation=false,https://digitarq.arquivos.pt/documentDetails/41c5c299292946be93e99173e3a24563
Ratoeira,clb17,Registos de óbitos,PT/ADGRD/PRQ/PCLB17/003/00050,1909-01-14 – 1909-12-14,https://digitarq.arquivos.pt/fileViewer/f1f00913adf6457080e9c00a9b3030f4?isRepresentation=false,https://digitarq.arquivos.pt/documentDetails/f1f00913adf6457080e9c00a9b3030f4
Ratoeira,clb17,Registos de óbitos,PT/ADGRD/PRQ/PCLB17/003/00051,1910-03-13 – 1910-12-16,https://digitarq.arquivos.pt/fileViewer/369bb77f97fe45fbac6ae647c01cf85a?isRepresentation=false,https://digitarq.arquivos.pt/documentDetails/369bb77f97fe45fbac6ae647c01cf85a
Ratoeira,clb17,Registos de óbitos,PT/ADGRD/PRQ/PCLB17/003/00052,1911-02-10 – 1911-02-24,https://digitarq.arquivos.pt/fileViewer/222ef0bb50be4163a6c811e6320d9357?isRepresentation=false,https://digitarq.arquivos.pt/documentDetails/222ef0bb50be4163a6c811e6320d9357
Ratoeira,clb17,Registos de óbitos,"Após 1911, vigoram os livros do Registo Civil localizados a nível concelhio.",1911-04-01 –,/m/clb,
Salgueirais,clb18,Registos de óbitos,PT/TT/PRQ/PCLB18/003/O1,1788-01-01 – 1811-12-31,https://digitarq.arquivos.pt/fileViewer/5f339b70eb8546038463cd60d2413a29?isRepresentation=false,https://digitarq.arquivos.pt/documentDetails/5f339b70eb8546038463cd60d2413a29
Salgueirais,clb18,Registos de óbitos,PT/ADGRD/PRQ/PCLB18/003/00001,1860-01-24 – 1860-11-20,https://digitarq.arquivos.pt/fileViewer/f8a51793246041ea88bd1bb8d59f1902?isRepresentation=false,https://digitarq.arquivos.pt/documentDetails/f8a51793246041ea88bd1bb8d59f1902
Salgueirais,clb18,Registos de óbitos,PT/ADGRD/PRQ/PCLB18/003/00002,1861-02-13 – 1861-12-30,https://digitarq.arquivos.pt/fileViewer/eb1bca4b625d46adb5d78889fdd01377?isRepresentation=false,https://digitarq.arquivos.pt/documentDetails/eb1bca4b625d46adb5d78889fdd01377
Salgueirais,clb18,Registos de óbitos,PT/ADGRD/PRQ/PCLB18/003/00003,1862-02-20 – 1862-12-16,https://digitarq.arquivos.pt/fileViewer/c90cc8a746d3447e854ae45e3e39207f?isRepresentation=false,https://digitarq.arquivos.pt/documentDetails/c90cc8a746d3447e854ae45e3e39207f
Salgueirais,clb18,Registos de óbitos,PT/ADGRD/PRQ/PCLB18/003/00004,1863-01-01 – 1863-11-05,https://digitarq.arquivos.pt/fileViewer/ec7f5ed0e9f3462aa7a9483d1428666b?isRepresentation=false,https://digitarq.arquivos.pt/documentDetails/ec7f5ed0e9f3462aa7a9483d1428666b
Salgueirais,clb18,Registos de óbitos,PT/ADGRD/PRQ/PCLB18/003/00005,1864-01-02 – 1864-12-21,https://digitarq.arquivos.pt/fileViewer/562432e24e5d45379732604c3319387c?isRepresentation=false,https://digitarq.arquivos.pt/documentDetails/562432e24e5d45379732604c3319387c
Salgueirais,clb18,Registos de óbitos,PT/ADGRD/PRQ/PCLB18/003/00006,1865-04-23 – 1865-12-31,https://digitarq.arquivos.pt/fileViewer/a6d9e3435f63423b9b66b6cbc009ffd9?isRepresentation=false,https://digitarq.arquivos.pt/documentDetails/a6d9e3435f63423b9b66b6cbc009ffd9
Salgueirais,clb18,Registos de óbitos,PT/ADGRD/PRQ/PCLB18/003/00007,1866-03-25 – 1866-12-24,https://digitarq.arquivos.pt/fileViewer/ab950df7bf394c608c2300f2f87fd9de?isRepresentation=false,https://digitarq.arquivos.pt/documentDetails/ab950df7bf394c608c2300f2f87fd9de
Salgueirais,clb18,Registos de óbitos,PT/ADGRD/PRQ/PCLB18/003/00008,1867-01-09 – 1867-12-16,https://digitarq.arquivos.pt/fileViewer/599723ee2920483abaded6e441ca12dd?isRepresentation=false,https://digitarq.arquivos.pt/documentDetails/599723ee2920483abaded6e441ca12dd
Salgueirais,clb18,Registos de óbitos,PT/ADGRD/PRQ/PCLB18/003/00009,1868-01-03 – 1868-12-29,https://digitarq.arquivos.pt/fileViewer/23fd812f35bf40bd8e42e6a7a3a4146c?isRepresentation=false,https://digitarq.arquivos.pt/documentDetails/23fd812f35bf40bd8e42e6a7a3a4146c
Salgueirais,clb18,Registos de óbitos,PT/ADGRD/PRQ/PCLB18/003/00010,1869-01-02 – 1869-10-31,https://digitarq.arquivos.pt/fileViewer/a5e52c0761874e4b8188f6ee08fd9f9a?isRepresentation=false,https://digitarq.arquivos.pt/documentDetails/a5e52c0761874e4b8188f6ee08fd9f9a
Salgueirais,clb18,Registos de óbitos,PT/ADGRD/PRQ/PCLB18/003/00011,1870-06-17 – 1870-12-23,https://digitarq.arquivos.pt/fileViewer/a3c729c7230748dcae6ff94a7d7ea3f5?isRepresentation=false,https://digitarq.arquivos.pt/documentDetails/a3c729c7230748dcae6ff94a7d7ea3f5
Salgueirais,clb18,Registos de óbitos,PT/ADGRD/PRQ/PCLB18/003/00012,1871-01-03 – 1871-09-20,https://digitarq.arquivos.pt/fileViewer/118711a81f58422dac1766ebb62ef611?isRepresentation=false,https://digitarq.arquivos.pt/documentDetails/118711a81f58422dac1766ebb62ef611
Salgueirais,clb18,Registos de óbitos,PT/ADGRD/PRQ/PCLB18/003/00013,1872-01-01 – 1872-12-23,https://digitarq.arquivos.pt/fileViewer/6e2e18b95aa045cdadd58d1e35302215?isRepresentation=false,https://digitarq.arquivos.pt/documentDetails/6e2e18b95aa045cdadd58d1e35302215
Salgueirais,clb18,Registos de óbitos,PT/ADGRD/PRQ/PCLB18/003/00014,1873-01-09 – 1873-10-30,https://digitarq.arquivos.pt/fileViewer/3d8e9c6f24b143bb823668072f7c3158?isRepresentation=false,https://digitarq.arquivos.pt/documentDetails/3d8e9c6f24b143bb823668072f7c3158
Salgueirais,clb18,Registos de óbitos,PT/ADGRD/PRQ/PCLB18/003/00015,1874-02-18 – 1874-12-05,https://digitarq.arquivos.pt/fileViewer/dc9cfb90cf8f425b91feff81a4dd17f6?isRepresentation=false,https://digitarq.arquivos.pt/documentDetails/dc9cfb90cf8f425b91feff81a4dd17f6
Salgueirais,clb18,Registos de óbitos,PT/ADGRD/PRQ/PCLB18/003/00016,1875-01-01 – 1875-11-15,https://digitarq.arquivos.pt/fileViewer/2c17ae661c584c45be8c51b586bbd6b9?isRepresentation=false,https://digitarq.arquivos.pt/documentDetails/2c17ae661c584c45be8c51b586bbd6b9
Salgueirais,clb18,Registos de óbitos,PT/ADGRD/PRQ/PCLB18/003/00017,1876-01-10 – 1876-09-28,https://digitarq.arquivos.pt/fileViewer/5cfb6dad991e430282b556df0d4ecfcc?isRepresentation=false,https://digitarq.arquivos.pt/documentDetails/5cfb6dad991e430282b556df0d4ecfcc
Salgueirais,clb18,Registos de óbitos,PT/ADGRD/PRQ/PCLB18/003/00018,1877-01-06 – 1877-11-11,https://digitarq.arquivos.pt/fileViewer/612447ccf2374749af3c503a82dfa2ab?isRepresentation=false,https://digitarq.arquivos.pt/documentDetails/612447ccf2374749af3c503a82dfa2ab
Salgueirais,clb18,Registos de óbitos,PT/ADGRD/PRQ/PCLB18/003/00019,1878-02-24 – 1878-12-21,https://digitarq.arquivos.pt/fileViewer/411ad2e5af51461ea79186b5ebec0b5c?isRepresentation=false,https://digitarq.arquivos.pt/documentDetails/411ad2e5af51461ea79186b5ebec0b5c
Salgueirais,clb18,Registos de óbitos,PT/ADGRD/PRQ/PCLB18/003/00020,1879-03-24 – 1879-12-23,https://digitarq.arquivos.pt/fileViewer/b91621474336458a8064823cc70ef304?isRepresentation=false,https://digitarq.arquivos.pt/documentDetails/b91621474336458a8064823cc70ef304
Salgueirais,clb18,Registos de óbitos,PT/ADGRD/PRQ/PCLB18/003/00021,1880-03-16 – 1880-12-20,https://digitarq.arquivos.pt/fileViewer/6a976271afef434b86e91118658b5c1f?isRepresentation=false,https://digitarq.arquivos.pt/documentDetails/6a976271afef434b86e91118658b5c1f
Salgueirais,clb18,Registos de óbitos,PT/ADGRD/PRQ/PCLB18/003/00022,1881-01-06 – 1881-09-26,https://digitarq.arquivos.pt/fileViewer/4c02e4002e7a427592748bb30551c1c8?isRepresentation=false,https://digitarq.arquivos.pt/documentDetails/4c02e4002e7a427592748bb30551c1c8
Salgueirais,clb18,Registos de óbitos,PT/ADGRD/PRQ/PCLB18/003/00023,1882-01-14 – 1882-11-09,https://digitarq.arquivos.pt/fileViewer/60727af4a15643468d041d3907c7c7c9?isRepresentation=false,https://digitarq.arquivos.pt/documentDetails/60727af4a15643468d041d3907c7c7c9
Salgueirais,clb18,Registos de óbitos,PT/ADGRD/PRQ/PCLB18/003/00024,1883-01-17 – 1883-12-29,https://digitarq.arquivos.pt/fileViewer/77f250437b1840c59ed00f27b8506b7c?isRepresentation=false,https://digitarq.arquivos.pt/documentDetails/77f250437b1840c59ed00f27b8506b7c
Salgueirais,clb18,Registos de óbitos,PT/ADGRD/PRQ/PCLB18/003/00025,1884-03-10 – 1884-12-29,https://digitarq.arquivos.pt/fileViewer/82a153019105443587a25005fd09a6d9?isRepresentation=false,https://digitarq.arquivos.pt/documentDetails/82a153019105443587a25005fd09a6d9
Salgueirais,clb18,Registos de óbitos,PT/ADGRD/PRQ/PCLB18/003/00026,1885-01-02 – 1885-12-29,https://digitarq.arquivos.pt/fileViewer/4311bead7f3a45bb9c51387a47c20201?isRepresentation=false,https://digitarq.arquivos.pt/documentDetails/4311bead7f3a45bb9c51387a47c20201
Salgueirais,clb18,Registos de óbitos,PT/ADGRD/PRQ/PCLB18/003/00027,1886-01-07 – 1886-12-21,https://digitarq.arquivos.pt/fileViewer/c5e58798f6f644f49056ed3807881b94?isRepresentation=false,https://digitarq.arquivos.pt/documentDetails/c5e58798f6f644f49056ed3807881b94
Salgueirais,clb18,Registos de óbitos,PT/ADGRD/PRQ/PCLB18/003/00028,1887-01-17 – 1887-12-31,https://digitarq.arquivos.pt/fileViewer/f0ad3fa50a4147269e5b70a79af4be76?isRepresentation=false,https://digitarq.arquivos.pt/documentDetails/f0ad3fa50a4147269e5b70a79af4be76
Salgueirais,clb18,Registos de óbitos,PT/ADGRD/PRQ/PCLB18/003/00029,1888-04-15 – 1888-10-13,https://digitarq.arquivos.pt/fileViewer/e88078bb037046c7b83696e9dbefbddc?isRepresentation=false,https://digitarq.arquivos.pt/documentDetails/e88078bb037046c7b83696e9dbefbddc
Salgueirais,clb18,Registos de óbitos,PT/ADGRD/PRQ/PCLB18/003/00030,1889-01-12 – 1889-12-04,https://digitarq.arquivos.pt/fileViewer/1674e35ec8a0403896f98f43c79e7189?isRepresentation=false,https://digitarq.arquivos.pt/documentDetails/1674e35ec8a0403896f98f43c79e7189
Salgueirais,clb18,Registos de óbitos,PT/ADGRD/PRQ/PCLB18/003/00031,1890-02-20 – 1890-12-27,https://digitarq.arquivos.pt/fileViewer/eef985e9adfd45edace36ab7a0f15b2b?isRepresentation=false,https://digitarq.arquivos.pt/documentDetails/eef985e9adfd45edace36ab7a0f15b2b
Salgueirais,clb18,Registos de óbitos,PT/ADGRD/PRQ/PCLB18/003/00032,1891-01-02 – 1891-12-11,https://digitarq.arquivos.pt/fileViewer/cd47e61e9ca34a3da9575ef6198ec6c6?isRepresentation=false,https://digitarq.arquivos.pt/documentDetails/cd47e61e9ca34a3da9575ef6198ec6c6
Salgueirais,clb18,Registos de óbitos,PT/ADGRD/PRQ/PCLB18/003/00033,1892-01-29 – 1892-05-25,https://digitarq.arquivos.pt/fileViewer/cc3c76d14c4c493aaa1dd22df8474ecd?isRepresentation=false,https://digitarq.arquivos.pt/documentDetails/cc3c76d14c4c493aaa1dd22df8474ecd
Salgueirais,clb18,Registos de óbitos,PT/ADGRD/PRQ/PCLB18/003/00034,1893-01-16 – 1893-09-20,https://digitarq.arquivos.pt/fileViewer/3a8e1085fe6e45dd9fea1627aeab8f42?isRepresentation=false,https://digitarq.arquivos.pt/documentDetails/3a8e1085fe6e45dd9fea1627aeab8f42
Salgueirais,clb18,Registos de óbitos,PT/ADGRD/PRQ/PCLB18/003/00035,1894-03-02 – 1894-12-02,https://digitarq.arquivos.pt/fileViewer/5dd4927aefa04282bb402da7ed6a4e01?isRepresentation=false,https://digitarq.arquivos.pt/documentDetails/5dd4927aefa04282bb402da7ed6a4e01
Salgueirais,clb18,Registos de óbitos,PT/ADGRD/PRQ/PCLB18/003/00036,1895-01-31 – 1895-12-31,https://digitarq.arquivos.pt/fileViewer/1879cd32ef9a4b42aaa55c7ad8f979c4?isRepresentation=false,https://digitarq.arquivos.pt/documentDetails/1879cd32ef9a4b42aaa55c7ad8f979c4
Salgueirais,clb18,Registos de óbitos,PT/ADGRD/PRQ/PCLB18/003/00038,1898-08-19 – 1898-09-27,https://digitarq.arquivos.pt/fileViewer/291c7d50976c49499103b4f4bd5a922b?isRepresentation=false,https://digitarq.arquivos.pt/documentDetails/291c7d50976c49499103b4f4bd5a922b
Salgueirais,clb18,Registos de óbitos,PT/ADGRD/PRQ/PCLB18/003/00039,1900-06-10 – 1900-10-01,https://digitarq.arquivos.pt/fileViewer/e075e2eb65f541a1a5a538a4ebb78706?isRepresentation=false,https://digitarq.arquivos.pt/documentDetails/e075e2eb65f541a1a5a538a4ebb78706
Salgueirais,clb18,Registos de óbitos,PT/ADGRD/PRQ/PCLB18/003/00040,1901-01-04 – 1901-12-28,https://digitarq.arquivos.pt/fileViewer/12b128c0c56445c593908cd5f7770047?isRepresentation=false,https://digitarq.arquivos.pt/documentDetails/12b128c0c56445c593908cd5f7770047
Salgueirais,clb18,Registos de óbitos,PT/ADGRD/PRQ/PCLB18/003/00042,1904-01-18 – 1904-12-27,https://digitarq.arquivos.pt/fileViewer/398ba2e8a05942ed871ad41a38910c51?isRepresentation=false,https://digitarq.arquivos.pt/documentDetails/398ba2e8a05942ed871ad41a38910c51
Salgueirais,clb18,Registos de óbitos,PT/ADGRD/PRQ/PCLB18/003/00043,1905-01-14 – 1905-10-05,https://digitarq.arquivos.pt/fileViewer/af6411650f844964bd7c3effb79d043d?isRepresentation=false,https://digitarq.arquivos.pt/documentDetails/af6411650f844964bd7c3effb79d043d
Salgueirais,clb18,Registos de óbitos,PT/ADGRD/PRQ/PCLB18/003/00044,1906-03-18 – 1906-11-10,https://digitarq.arquivos.pt/fileViewer/6ea160bdbdd946a08f9419d6b8e4dd4b?isRepresentation=false,https://digitarq.arquivos.pt/documentDetails/6ea160bdbdd946a08f9419d6b8e4dd4b
Salgueirais,clb18,Registos de óbitos,PT/ADGRD/PRQ/PCLB18/003/00045,1907-01-21 – 1907-12-03,https://digitarq.arquivos.pt/fileViewer/863903061cb44191b6480c8f55374830?isRepresentation=false,https://digitarq.arquivos.pt/documentDetails/863903061cb44191b6480c8f55374830
Salgueirais,clb18,Registos de óbitos,PT/ADGRD/PRQ/PCLB18/003/00046,1908-01-28 – 1908-11-22,https://digitarq.arquivos.pt/fileViewer/8aa69741716e49ea872bec2dff0b260e?isRepresentation=false,https://digitarq.arquivos.pt/documentDetails/8aa69741716e49ea872bec2dff0b260e
Salgueirais,clb18,Registos de óbitos,PT/ADGRD/PRQ/PCLB18/003/00047,1909-08-25 – 1909-12-14,https://digitarq.arquivos.pt/fileViewer/8465ecb06eb84008a549dee0f116612e?isRepresentation=false,https://digitarq.arquivos.pt/documentDetails/8465ecb06eb84008a549dee0f116612e
Salgueirais,clb18,Registos de óbitos,PT/ADGRD/PRQ/PCLB18/003/00048,1910-03-22 – 1910-11-30,https://digitarq.arquivos.pt/fileViewer/c7323b91a8d047bda01903aa5c33114f?isRepresentation=false,https://digitarq.arquivos.pt/documentDetails/c7323b91a8d047bda01903aa5c33114f
Salgueirais,clb18,Registos de óbitos,PT/ADGRD/PRQ/PCLB18/003/00049,1911-01-06 – 1911-02-13,https://digitarq.arquivos.pt/fileViewer/c6b6930250b04bec9bc2e6a1910d6cde?isRepresentation=false,https://digitarq.arquivos.pt/documentDetails/c6b6930250b04bec9bc2e6a1910d6cde
Salgueirais,clb18,Registos de óbitos,"Após 1911, vigoram os livros do Registo Civil localizados a nível concelhio.",1911-04-01 –,/m/clb,
São Martinho de Celorico,clb25,Registos de óbitos,PT/TT/PRQ/PCLB25/003/O1,1746-01-01 – 1796-12-31,https://digitarq.arquivos.pt/fileViewer/d29ceb3a2f664dab83642c503caf3c41?isRepresentation=false,https://digitarq.arquivos.pt/documentDetails/d29ceb3a2f664dab83642c503caf3c41
São Martinho de Celorico,clb25,Registos de óbitos,PT/TT/PRQ/PCLB25/003/O2,1796-01-01 – 1806-12-31,https://digitarq.arquivos.pt/fileViewer/4072c453a3774d4f8dd969b87ef15162?isRepresentation=false,https://digitarq.arquivos.pt/documentDetails/4072c453a3774d4f8dd969b87ef15162
São Martinho de Celorico,clb25,Registos de óbitos,PT/TT/PRQ/PCLB25/003/O3,1807-01-01 – 1834-12-31,https://digitarq.arquivos.pt/fileViewer/588cb7f7984b4f00bc4d5a0b84af8ef5?isRepresentation=false,https://digitarq.arquivos.pt/documentDetails/588cb7f7984b4f00bc4d5a0b84af8ef5
São Martinho de Celorico,clb25,Registos de óbitos,"Após 1911, vigoram os livros do Registo Civil localizados a nível concelhio.",1911-04-01 –,/m/clb,
Vale de Azares,clb21,Registos de óbitos,PT/TT/PRQ/PCLB21/003/O1,1728-01-01 – 1751-12-31,https://digitarq.arquivos.pt/fileViewer/a6eb79eca14149119b08768c250d4109?isRepresentation=false,https://digitarq.arquivos.pt/documentDetails/a6eb79eca14149119b08768c250d4109
Vale de Azares,clb21,Registos de óbitos,PT/TT/PRQ/PCLB21/003/O2,1751-01-01 – 1783-12-31,https://digitarq.arquivos.pt/fileViewer/8097b5940b814b7195e9519e4d014f52?isRepresentation=false,https://digitarq.arquivos.pt/documentDetails/8097b5940b814b7195e9519e4d014f52
Vale de Azares,clb21,Registos de óbitos,PT/TT/PRQ/PCLB21/003/O3,1783-01-01 – 1805-12-31,https://digitarq.arquivos.pt/fileViewer/66971885b2c249a280e1c5ffafab03d4?isRepresentation=false,https://digitarq.arquivos.pt/documentDetails/66971885b2c249a280e1c5ffafab03d4
Vale de Azares,clb21,Registos de óbitos,PT/TT/PRQ/PCLB21/003/O4,1832-01-01 – 1848-12-31,https://digitarq.arquivos.pt/fileViewer/9105b0def79a4841a936208ff48ca1ec?isRepresentation=false,https://digitarq.arquivos.pt/documentDetails/9105b0def79a4841a936208ff48ca1ec
Vale de Azares,clb21,Registos de óbitos,PT/ADGRD/PRQ/PCLB21/003/00001,1836-11-08 – 1859-12-11,https://digitarq.arquivos.pt/fileViewer/8477a8dfaf4441f09914b1aea199c23e?isRepresentation=false,https://digitarq.arquivos.pt/documentDetails/8477a8dfaf4441f09914b1aea199c23e
Vale de Azares,clb21,Registos de óbitos,PT/ADGRD/PRQ/PCLB21/003/00002,1860-01-02 – 1860-12-29,https://digitarq.arquivos.pt/fileViewer/d12f9f24e3fa4f1b8925b3e7493fe4f4?isRepresentation=false,https://digitarq.arquivos.pt/documentDetails/d12f9f24e3fa4f1b8925b3e7493fe4f4
Vale de Azares,clb21,Registos de óbitos,PT/ADGRD/PRQ/PCLB21/003/00003,1861-01-02 – 1861-12-26,https://digitarq.arquivos.pt/fileViewer/2936b253aa9747c5b3d0c99b8bc3c4c4?isRepresentation=false,https://digitarq.arquivos.pt/documentDetails/2936b253aa9747c5b3d0c99b8bc3c4c4
Vale de Azares,clb21,Registos de óbitos,PT/ADGRD/PRQ/PCLB21/003/00004,1862-01-06 – 1862-12-22,https://digitarq.arquivos.pt/fileViewer/068ee4e69eaa458a9a1633f2cfb7f888?isRepresentation=false,https://digitarq.arquivos.pt/documentDetails/068ee4e69eaa458a9a1633f2cfb7f888
Vale de Azares,clb21,Registos de óbitos,PT/ADGRD/PRQ/PCLB21/003/00005,1863-01-24 – 1863-12-16,https://digitarq.arquivos.pt/fileViewer/cc14783251f640699a9c552ebfb22dd5?isRepresentation=false,https://digitarq.arquivos.pt/documentDetails/cc14783251f640699a9c552ebfb22dd5
Vale de Azares,clb21,Registos de óbitos,PT/ADGRD/PRQ/PCLB21/003/00006,1864-01-19 – 1864-12-22,https://digitarq.arquivos.pt/fileViewer/45c9270dd342403fb11b757510c3e6a0?isRepresentation=false,https://digitarq.arquivos.pt/documentDetails/45c9270dd342403fb11b757510c3e6a0
Vale de Azares,clb21,Registos de óbitos,PT/ADGRD/PRQ/PCLB21/003/00007,1865-01-02 – 1865-12-23,https://digitarq.arquivos.pt/fileViewer/32f185941bee44d8a0b00ebdfce71698?isRepresentation=false,https://digitarq.arquivos.pt/documentDetails/32f185941bee44d8a0b00ebdfce71698
Vale de Azares,clb21,Registos de óbitos,PT/ADGRD/PRQ/PCLB21/003/00008,1866-01-05 – 1866-12-28,https://digitarq.arquivos.pt/fileViewer/f75ac1a1b63b487582b588175bbe1e7a?isRepresentation=false,https://digitarq.arquivos.pt/documentDetails/f75ac1a1b63b487582b588175bbe1e7a
Vale de Azares,clb21,Registos de óbitos,PT/ADGRD/PRQ/PCLB21/003/00009,1867-01-07 – 1867-12-24,https://digitarq.arquivos.pt/fileViewer/51943409600548929da4c5cff37b01c5?isRepresentation=false,https://digitarq.arquivos.pt/documentDetails/51943409600548929da4c5cff37b01c5
Vale de Azares,clb21,Registos de óbitos,PT/ADGRD/PRQ/PCLB21/003/00010,1868-01-30 – 1868-12-14,https://digitarq.arquivos.pt/fileViewer/a2a61d9ee9f94009b87b6fc16637ea6f?isRepresentation=false,https://digitarq.arquivos.pt/documentDetails/a2a61d9ee9f94009b87b6fc16637ea6f
Vale de Azares,clb21,Registos de óbitos,PT/ADGRD/PRQ/PCLB21/003/00011,1869-01-27 – 1869-11-24,https://digitarq.arquivos.pt/fileViewer/668287125ddb4c44918e28e29e8eeea6?isRepresentation=false,https://digitarq.arquivos.pt/documentDetails/668287125ddb4c44918e28e29e8eeea6
Vale de Azares,clb21,Registos de óbitos,PT/ADGRD/PRQ/PCLB21/003/00012,1870-01-07 – 1870-12-22,https://digitarq.arquivos.pt/fileViewer/1608cb7a69c14f0bb6335707cb3cd137?isRepresentation=false,https://digitarq.arquivos.pt/documentDetails/1608cb7a69c14f0bb6335707cb3cd137
Vale de Azares,clb21,Registos de óbitos,PT/ADGRD/PRQ/PCLB21/003/00013,1871-01-11 – 1871-12-27,https://digitarq.arquivos.pt/fileViewer/773c143a692c4a9fa1fc7a067aeac7af?isRepresentation=false,https://digitarq.arquivos.pt/documentDetails/773c143a692c4a9fa1fc7a067aeac7af
Vale de Azares,clb21,Registos de óbitos,PT/ADGRD/PRQ/PCLB21/003/00014,1872-01-13 – 1872-11-16,https://digitarq.arquivos.pt/fileViewer/5618711c94fa4cb1a81b7bcb9becf2d3?isRepresentation=false,https://digitarq.arquivos.pt/documentDetails/5618711c94fa4cb1a81b7bcb9becf2d3
Vale de Azares,clb21,Registos de óbitos,PT/ADGRD/PRQ/PCLB21/003/00015,1873-01-31 – 1873-12-29,https://digitarq.arquivos.pt/fileViewer/8657bbbccd674665822af96f12df30a7?isRepresentation=false,https://digitarq.arquivos.pt/documentDetails/8657bbbccd674665822af96f12df30a7
Vale de Azares,clb21,Registos de óbitos,PT/ADGRD/PRQ/PCLB21/003/00016,1874-01-05 – 1874-12-30,https://digitarq.arquivos.pt/fileViewer/a9308f15f8794dc08c886bd1b87ffa3e?isRepresentation=false,https://digitarq.arquivos.pt/documentDetails/a9308f15f8794dc08c886bd1b87ffa3e
Vale de Azares,clb21,Registos de óbitos,PT/ADGRD/PRQ/PCLB21/003/00017,1875-01-02 – 1875-12-23,https://digitarq.arquivos.pt/fileViewer/f744b8c3dff24e4183b4799a9ce39a77?isRepresentation=false,https://digitarq.arquivos.pt/documentDetails/f744b8c3dff24e4183b4799a9ce39a77
Vale de Azares,clb21,Registos de óbitos,PT/ADGRD/PRQ/PCLB21/003/00018,1876-01-09 – 1876-12-12,https://digitarq.arquivos.pt/fileViewer/c08250e6a803403690b963a2d3c6ccae?isRepresentation=false,https://digitarq.arquivos.pt/documentDetails/c08250e6a803403690b963a2d3c6ccae
Vale de Azares,clb21,Registos de óbitos,PT/ADGRD/PRQ/PCLB21/003/00019,1877-01-27 – 1877-12-30,https://digitarq.arquivos.pt/fileViewer/b4ddcfc0e95945cc98abdd1e118e3322?isRepresentation=false,https://digitarq.arquivos.pt/documentDetails/b4ddcfc0e95945cc98abdd1e118e3322
Vale de Azares,clb21,Registos de óbitos,PT/ADGRD/PRQ/PCLB21/003/00020,1878-01-14 – 1878-11-04,https://digitarq.arquivos.pt/fileViewer/e64509cfcf214123a4b01df71fc87084?isRepresentation=false,https://digitarq.arquivos.pt/documentDetails/e64509cfcf214123a4b01df71fc87084
Vale de Azares,clb21,Registos de óbitos,PT/ADGRD/PRQ/PCLB21/003/00021,1879-01-11 – 1879-12-15,https://digitarq.arquivos.pt/fileViewer/41683f36150643d1881abc847b104f5d?isRepresentation=false,https://digitarq.arquivos.pt/documentDetails/41683f36150643d1881abc847b104f5d
Vale de Azares,clb21,Registos de óbitos,PT/ADGRD/PRQ/PCLB21/003/00022,1880-01-02 – 1880-12-23,https://digitarq.arquivos.pt/fileViewer/42d49716a232407e810a6584985f6917?isRepresentation=false,https://digitarq.arquivos.pt/documentDetails/42d49716a232407e810a6584985f6917
Vale de Azares,clb21,Registos de óbitos,PT/ADGRD/PRQ/PCLB21/003/00023,1881-01-08 – 1881-12-25,https://digitarq.arquivos.pt/fileViewer/a4d5530e07e6441b9cb7b1aee44a7616?isRepresentation=false,https://digitarq.arquivos.pt/documentDetails/a4d5530e07e6441b9cb7b1aee44a7616
Vale de Azares,clb21,Registos de óbitos,PT/ADGRD/PRQ/PCLB21/003/00024,1882-01-14 – 1882-12-28,https://digitarq.arquivos.pt/fileViewer/ce9670b87398403bbae6aba8572db48a?isRepresentation=false,https://digitarq.arquivos.pt/documentDetails/ce9670b87398403bbae6aba8572db48a
Vale de Azares,clb21,Registos de óbitos,PT/ADGRD/PRQ/PCLB21/003/00025,1883-01-01 – 1883-12-21,https://digitarq.arquivos.pt/fileViewer/1c775d2cf4d145ec964bd8bc96240e08?isRepresentation=false,https://digitarq.arquivos.pt/documentDetails/1c775d2cf4d145ec964bd8bc96240e08
Vale de Azares,clb21,Registos de óbitos,PT/ADGRD/PRQ/PCLB21/003/00026,1884-01-15 – 1884-12-15,https://digitarq.arquivos.pt/fileViewer/d1d351207f1740968fca9b73f7d46c22?isRepresentation=false,https://digitarq.arquivos.pt/documentDetails/d1d351207f1740968fca9b73f7d46c22
Vale de Azares,clb21,Registos de óbitos,PT/ADGRD/PRQ/PCLB21/003/00027,1885-01-08 – 1885-12-27,https://digitarq.arquivos.pt/fileViewer/bea99bce54e34053b52b1385935aa02b?isRepresentation=false,https://digitarq.arquivos.pt/documentDetails/bea99bce54e34053b52b1385935aa02b
Vale de Azares,clb21,Registos de óbitos,PT/ADGRD/PRQ/PCLB21/003/00028,1886-01-03 – 1886-12-18,https://digitarq.arquivos.pt/fileViewer/c1d0e52a74824ec8b2b615ce28e986fc?isRepresentation=false,https://digitarq.arquivos.pt/documentDetails/c1d0e52a74824ec8b2b615ce28e986fc
Vale de Azares,clb21,Registos de óbitos,PT/ADGRD/PRQ/PCLB21/003/00029,1887-01-03 – 1887-12-22,https://digitarq.arquivos.pt/fileViewer/6404090709274cae92dc8099fba21c66?isRepresentation=false,https://digitarq.arquivos.pt/documentDetails/6404090709274cae92dc8099fba21c66
Vale de Azares,clb21,Registos de óbitos,PT/ADGRD/PRQ/PCLB21/003/00030,1888-01-03 – 1888-12-30,https://digitarq.arquivos.pt/fileViewer/d0a5a6ab69f649308ca6b0a9f7257538?isRepresentation=false,https://digitarq.arquivos.pt/documentDetails/d0a5a6ab69f649308ca6b0a9f7257538
Vale de Azares,clb21,Registos de óbitos,PT/ADGRD/PRQ/PCLB21/003/00031,1889-01-02 – 1889-12-22,https://digitarq.arquivos.pt/fileViewer/2b3cd30830f74326bed735d87e1be99e?isRepresentation=false,https://digitarq.arquivos.pt/documentDetails/2b3cd30830f74326bed735d87e1be99e
Vale de Azares,clb21,Registos de óbitos,PT/ADGRD/PRQ/PCLB21/003/00032,1890-01-01 – 1890-12-20,https://digitarq.arquivos.pt/fileViewer/396902a8efd44baaaae56e25fdd77096?isRepresentation=false,https://digitarq.arquivos.pt/documentDetails/396902a8efd44baaaae56e25fdd77096
Vale de Azares,clb21,Registos de óbitos,PT/ADGRD/PRQ/PCLB21/003/00033,1891-01-30 – 1891-12-24,https://digitarq.arquivos.pt/fileViewer/b9460b2fc82540daaf9e553db43221e6?isRepresentation=false,https://digitarq.arquivos.pt/documentDetails/b9460b2fc82540daaf9e553db43221e6
Vale de Azares,clb21,Registos de óbitos,PT/ADGRD/PRQ/PCLB21/003/00034,1892-01-10 – 1892-12-11,https://digitarq.arquivos.pt/fileViewer/83ad8f11b6ea465199cd547da73e214a?isRepresentation=false,https://digitarq.arquivos.pt/documentDetails/83ad8f11b6ea465199cd547da73e214a
Vale de Azares,clb21,Registos de óbitos,PT/ADGRD/PRQ/PCLB21/003/00035,1893-02-13 – 1893-12-29,https://digitarq.arquivos.pt/fileViewer/a87c51a84db04f24ab2bc39b8b61394d?isRepresentation=false,https://digitarq.arquivos.pt/documentDetails/a87c51a84db04f24ab2bc39b8b61394d
Vale de Azares,clb21,Registos de óbitos,PT/ADGRD/PRQ/PCLB21/003/00036,1894-01-30 – 1894-12-29,https://digitarq.arquivos.pt/fileViewer/d08256e5879c455c8dd4bfe7a76b5436?isRepresentation=false,https://digitarq.arquivos.pt/documentDetails/d08256e5879c455c8dd4bfe7a76b5436
Vale de Azares,clb21,Registos de óbitos,PT/ADGRD/PRQ/PCLB21/003/00037,1895-01-06 – 1895-12-26,https://digitarq.arquivos.pt/fileViewer/306787fc710a4352994ce590c98f1910?isRepresentation=false,https://digitarq.arquivos.pt/documentDetails/306787fc710a4352994ce590c98f1910
Vale de Azares,clb21,Registos de óbitos,PT/ADGRD/PRQ/PCLB21/003/00038,1896-03-26 – 1896-12-22,https://digitarq.arquivos.pt/fileViewer/34229acfcc3944028e68a5709b7d1500?isRepresentation=false,https://digitarq.arquivos.pt/documentDetails/34229acfcc3944028e68a5709b7d1500
Vale de Azares,clb21,Registos de óbitos,PT/ADGRD/PRQ/PCLB21/003/00039,1897-01-02 – 1897-12-02,https://digitarq.arquivos.pt/fileViewer/664702f8aab94fab92a820be27098c7b?isRepresentation=false,https://digitarq.arquivos.pt/documentDetails/664702f8aab94fab92a820be27098c7b
Vale de Azares,clb21,Registos de óbitos,PT/ADGRD/PRQ/PCLB21/003/00040,1898-01-25 – 1898-12-28,https://digitarq.arquivos.pt/fileViewer/19df92b2b2ca46d2b5dc8bbd571d94b3?isRepresentation=false,https://digitarq.arquivos.pt/documentDetails/19df92b2b2ca46d2b5dc8bbd571d94b3
Vale de Azares,clb21,Registos de óbitos,PT/ADGRD/PRQ/PCLB21/003/00041,1899-01-05 – 1899-12-09,https://digitarq.arquivos.pt/fileViewer/8ae955a718124b389212e89dd8812282?isRepresentation=false,https://digitarq.arquivos.pt/documentDetails/8ae955a718124b389212e89dd8812282
Vale de Azares,clb21,Registos de óbitos,PT/ADGRD/PRQ/PCLB21/003/00042,1900-01-12 – 1900-12-02,https://digitarq.arquivos.pt/fileViewer/92b2d72432454cc18bfa459ff3f41caf?isRepresentation=false,https://digitarq.arquivos.pt/documentDetails/92b2d72432454cc18bfa459ff3f41caf
Vale de Azares,clb21,Registos de óbitos,PT/ADGRD/PRQ/PCLB21/003/00043,1901-01-08 – 1901-12-21,https://digitarq.arquivos.pt/fileViewer/2307cfe1807a4358b51c4fffba0f6cd1?isRepresentation=false,https://digitarq.arquivos.pt/documentDetails/2307cfe1807a4358b51c4fffba0f6cd1
Vale de Azares,clb21,Registos de óbitos,PT/ADGRD/PRQ/PCLB21/003/00044,1902-01-01 – 1902-12-02,https://digitarq.arquivos.pt/fileViewer/bbb0d346233f47a0a9b0e95d2121483e?isRepresentation=false,https://digitarq.arquivos.pt/documentDetails/bbb0d346233f47a0a9b0e95d2121483e
Vale de Azares,clb21,Registos de óbitos,PT/ADGRD/PRQ/PCLB21/003/00045,1903-01-14 – 1903-12-11,https://digitarq.arquivos.pt/fileViewer/58c2202902234b0f91978f38c1bd695b?isRepresentation=false,https://digitarq.arquivos.pt/documentDetails/58c2202902234b0f91978f38c1bd695b
Vale de Azares,clb21,Registos de óbitos,PT/ADGRD/PRQ/PCLB21/003/00046,1904-04-22 – 1904-12-30,https://digitarq.arquivos.pt/fileViewer/442fa8a8e3e64dd7af6ab262787d5696?isRepresentation=false,https://digitarq.arquivos.pt/documentDetails/442fa8a8e3e64dd7af6ab262787d5696
Vale de Azares,clb21,Registos de óbitos,PT/ADGRD/PRQ/PCLB21/003/00047,1905-01-01 – 1905-12-31,https://digitarq.arquivos.pt/fileViewer/d2493afd51c540eb824b622d956ebb11?isRepresentation=false,https://digitarq.arquivos.pt/documentDetails/d2493afd51c540eb824b622d956ebb11
Vale de Azares,clb21,Registos de óbitos,PT/ADGRD/PRQ/PCLB21/003/00048,1906-02-13 – 1906-11-12,https://digitarq.arquivos.pt/fileViewer/3bb15f3367354a1a83e960c1c560a4ff?isRepresentation=false,https://digitarq.arquivos.pt/documentDetails/3bb15f3367354a1a83e960c1c560a4ff
Vale de Azares,clb21,Registos de óbitos,PT/ADGRD/PRQ/PCLB21/003/00049,1907-02-01 – 1907-12-20,https://digitarq.arquivos.pt/fileViewer/70ad332d96aa4a77a2fbd0d9629ff6c4?isRepresentation=false,https://digitarq.arquivos.pt/documentDetails/70ad332d96aa4a77a2fbd0d9629ff6c4
Vale de Azares,clb21,Registos de óbitos,PT/ADGRD/PRQ/PCLB21/003/00050,1908-02-03 – 1908-11-24,https://digitarq.arquivos.pt/fileViewer/8ad5c22dc395435d8480f191d7e4e1a1?isRepresentation=false,https://digitarq.arquivos.pt/documentDetails/8ad5c22dc395435d8480f191d7e4e1a1
Vale de Azares,clb21,Registos de óbitos,PT/ADGRD/PRQ/PCLB21/003/00051,1909-01-16 – 1909-11-27,https://digitarq.arquivos.pt/fileViewer/7048e02d82b0436f8144633e991c57a7?isRepresentation=false,https://digitarq.arquivos.pt/documentDetails/7048e02d82b0436f8144633e991c57a7
Vale de Azares,clb21,Registos de óbitos,PT/ADGRD/PRQ/PCLB21/003/00052,1910-01-22 – 1910-12-17,https://digitarq.arquivos.pt/fileViewer/55be3b70c135489e900dc2db89e07a7f?isRepresentation=false,https://digitarq.arquivos.pt/documentDetails/55be3b70c135489e900dc2db89e07a7f
Vale de Azares,clb21,Registos de óbitos,PT/ADGRD/PRQ/PCLB21/003/00053,1911-01-06 – 1911-03-15,https://digitarq.arquivos.pt/fileViewer/a94bb2fad1af48079f7e852aa53854d9?isRepresentation=false,https://digitarq.arquivos.pt/documentDetails/a94bb2fad1af48079f7e852aa53854d9
Vale de Azares,clb21,Registos de óbitos,"Após 1911, vigoram os livros do Registo Civil localizados a nível concelhio.",1911-04-01 –,/m/clb,
Velosa,clb22,Registos de óbitos,PT/ADGRD/PRQ/PCLB22/003/00001,1836-01-13 – 1859-12-29,https://digitarq.arquivos.pt/fileViewer/6654bba9fc1141489d929a0b4777ac0e?isRepresentation=false,https://digitarq.arquivos.pt/documentDetails/6654bba9fc1141489d929a0b4777ac0e
Velosa,clb22,Registos de óbitos,PT/ADGRD/PRQ/PCLB22/003/00002,1860-01-07 – 1866-12-24,https://digitarq.arquivos.pt/fileViewer/cbe47d602fb147f3b24f34676a512429?isRepresentation=false,https://digitarq.arquivos.pt/documentDetails/cbe47d602fb147f3b24f34676a512429
Velosa,clb22,Registos de óbitos,PT/ADGRD/PRQ/PCLB22/003/00003,1867-02-27 – 1881-12-12,https://digitarq.arquivos.pt/fileViewer/9c48fc684bb04a6da6157726a9266c92?isRepresentation=false,https://digitarq.arquivos.pt/documentDetails/9c48fc684bb04a6da6157726a9266c92
Velosa,clb22,Registos de óbitos,PT/ADGRD/PRQ/PCLB22/003/00004,1882-01-11 – 1882-11-09,https://digitarq.arquivos.pt/fileViewer/89a257df587c4836aa449d44ebb229bc?isRepresentation=false,https://digitarq.arquivos.pt/documentDetails/89a257df587c4836aa449d44ebb229bc
Velosa,clb22,Registos de óbitos,PT/ADGRD/PRQ/PCLB22/003/00005,1883-04-19 – 1883-11-29,https://digitarq.arquivos.pt/fileViewer/13dc3ad082984934909dc7d40863eadf?isRepresentation=false,https://digitarq.arquivos.pt/documentDetails/13dc3ad082984934909dc7d40863eadf
Velosa,clb22,Registos de óbitos,PT/ADGRD/PRQ/PCLB22/003/00006,1884-03-01 – 1884-12-07,https://digitarq.arquivos.pt/fileViewer/f5fa2f6f3c86475f9098d2d254ef08e6?isRepresentation=false,https://digitarq.arquivos.pt/documentDetails/f5fa2f6f3c86475f9098d2d254ef08e6
Velosa,clb22,Registos de óbitos,PT/ADGRD/PRQ/PCLB22/003/00007,1885-01-27 – 1885-12-21,https://digitarq.arquivos.pt/fileViewer/4c5fdd95c07b4211845d9bd572165710?isRepresentation=false,https://digitarq.arquivos.pt/documentDetails/4c5fdd95c07b4211845d9bd572165710
Velosa,clb22,Registos de óbitos,PT/ADGRD/PRQ/PCLB22/003/00008,1886-03-09 – 1886-12-24,https://digitarq.arquivos.pt/fileViewer/5c8c857fe69444fcaabad8e0a44efc5a?isRepresentation=false,https://digitarq.arquivos.pt/documentDetails/5c8c857fe69444fcaabad8e0a44efc5a
Velosa,clb22,Registos de óbitos,PT/ADGRD/PRQ/PCLB22/003/00009,1887-03-05 – 1887-12-08,https://digitarq.arquivos.pt/fileViewer/57c79f4b415e4671ab578b0ee481bedc?isRepresentation=false,https://digitarq.arquivos.pt/documentDetails/57c79f4b415e4671ab578b0ee481bedc
Velosa,clb22,Registos de óbitos,PT/ADGRD/PRQ/PCLB22/003/00010,1888-01-03 – 1888-10-31,https://digitarq.arquivos.pt/fileViewer/641fc84ef5f844a3815245fda50c2bef?isRepresentation=false,https://digitarq.arquivos.pt/documentDetails/641fc84ef5f844a3815245fda50c2bef
Velosa,clb22,Registos de óbitos,PT/ADGRD/PRQ/PCLB22/003/00011,1889-02-17 – 1889-11-29,https://digitarq.arquivos.pt/fileViewer/4bad6765172c415db3a3b89b31438a50?isRepresentation=false,https://digitarq.arquivos.pt/documentDetails/4bad6765172c415db3a3b89b31438a50
Velosa,clb22,Registos de óbitos,PT/ADGRD/PRQ/PCLB22/003/00012,1890-01-25 – 1890-12-27,https://digitarq.arquivos.pt/fileViewer/857d047ad5ad4b749ddbb199b228e87b?isRepresentation=false,https://digitarq.arquivos.pt/documentDetails/857d047ad5ad4b749ddbb199b228e87b
Velosa,clb22,Registos de óbitos,PT/ADGRD/PRQ/PCLB22/003/00013,1891-01-20 – 1891-12-29,https://digitarq.arquivos.pt/fileViewer/19a3dff93adf4dad95d18be38a1ee564?isRepresentation=false,https://digitarq.arquivos.pt/documentDetails/19a3dff93adf4dad95d18be38a1ee564
Velosa,clb22,Registos de óbitos,PT/ADGRD/PRQ/PCLB22/003/00014,1892-01-21 – 1892-09-15,https://digitarq.arquivos.pt/fileViewer/7326dc01494b4af2aae8d16f3d6e8612?isRepresentation=false,https://digitarq.arquivos.pt/documentDetails/7326dc01494b4af2aae8d16f3d6e8612
Velosa,clb22,Registos de óbitos,PT/ADGRD/PRQ/PCLB22/003/00015,1893-01-17 – 1893-12-24,https://digitarq.arquivos.pt/fileViewer/d2d11d5b3d8a4f1a85fbb07b83da2453?isRepresentation=false,https://digitarq.arquivos.pt/documentDetails/d2d11d5b3d8a4f1a85fbb07b83da2453
Velosa,clb22,Registos de óbitos,PT/ADGRD/PRQ/PCLB22/003/00016,1894-01-28 – 1894-12-26,https://digitarq.arquivos.pt/fileViewer/ed364b15b23c47d0a2d33e8910c1e7c0?isRepresentation=false,https://digitarq.arquivos.pt/documentDetails/ed364b15b23c47d0a2d33e8910c1e7c0
Velosa,clb22,Registos de óbitos,PT/ADGRD/PRQ/PCLB22/003/00017,1895-01-04 – 1895-12-02,https://digitarq.arquivos.pt/fileViewer/8a7ad54a18a1456a8e153360b3eea10d?isRepresentation=false,https://digitarq.arquivos.pt/documentDetails/8a7ad54a18a1456a8e153360b3eea10d
Velosa,clb22,Registos de óbitos,PT/ADGRD/PRQ/PCLB22/003/00018,1896-01-14 – 1896-12-07,https://digitarq.arquivos.pt/fileViewer/174c516047b4403b987f8ad6db20c721?isRepresentation=false,https://digitarq.arquivos.pt/documentDetails/174c516047b4403b987f8ad6db20c721
Velosa,clb22,Registos de óbitos,PT/ADGRD/PRQ/PCLB22/003/00019,1897-02-19 – 1897-10-30,https://digitarq.arquivos.pt/fileViewer/ce2b49495ebb45f9b50e8979c959b272?isRepresentation=false,https://digitarq.arquivos.pt/documentDetails/ce2b49495ebb45f9b50e8979c959b272
Velosa,clb22,Registos de óbitos,PT/ADGRD/PRQ/PCLB22/003/00020,1898-03-13 – 1898-12-28,https://digitarq.arquivos.pt/fileViewer/2115b079ff3f4f379ab94a8922b6e2f6?isRepresentation=false,https://digitarq.arquivos.pt/documentDetails/2115b079ff3f4f379ab94a8922b6e2f6
Velosa,clb22,Registos de óbitos,PT/ADGRD/PRQ/PCLB22/003/00021,1899-04-03 – 1899-11-23,https://digitarq.arquivos.pt/fileViewer/42b5ea0f63c64a0880c594de7d3e57e1?isRepresentation=false,https://digitarq.arquivos.pt/documentDetails/42b5ea0f63c64a0880c594de7d3e57e1
Velosa,clb22,Registos de óbitos,PT/ADGRD/PRQ/PCLB22/003/00022,1900-01-31 – 1900-12-02,https://digitarq.arquivos.pt/fileViewer/6623eb27e4cb435aa5395d0178a63629?isRepresentation=false,https://digitarq.arquivos.pt/documentDetails/6623eb27e4cb435aa5395d0178a63629
Velosa,clb22,Registos de óbitos,PT/ADGRD/PRQ/PCLB22/003/00023,1901-01-14 – 1901-10-23,https://digitarq.arquivos.pt/fileViewer/653251d9fed4483c82a80dc932f045c2?isRepresentation=false,https://digitarq.arquivos.pt/documentDetails/653251d9fed4483c82a80dc932f045c2
Velosa,clb22,Registos de óbitos,PT/ADGRD/PRQ/PCLB22/003/00024,1902-01-11 – 1902-12-23,https://digitarq.arquivos.pt/fileViewer/e6eedd7fbfad4844b52bea42ab455844?isRepresentation=false,https://digitarq.arquivos.pt/documentDetails/e6eedd7fbfad4844b52bea42ab455844
Velosa,clb22,Registos de óbitos,PT/ADGRD/PRQ/PCLB22/003/00025,1903-01-05 – 1903-11-29,https://digitarq.arquivos.pt/fileViewer/01a892fc1c2c4e2bb959b02d802f030c?isRepresentation=false,https://digitarq.arquivos.pt/documentDetails/01a892fc1c2c4e2bb959b02d802f030c
Velosa,clb22,Registos de óbitos,PT/ADGRD/PRQ/PCLB22/003/00026,1904-02-23 – 1904-12-30,https://digitarq.arquivos.pt/fileViewer/65e5e1ce09e4412086352a495b87eb3f?isRepresentation=false,https://digitarq.arquivos.pt/documentDetails/65e5e1ce09e4412086352a495b87eb3f
Velosa,clb22,Registos de óbitos,PT/ADGRD/PRQ/PCLB22/003/00027,1905-01-13 – 1905-12-27,https://digitarq.arquivos.pt/fileViewer/3e198a906f634fbf914b455aa069ab96?isRepresentation=false,https://digitarq.arquivos.pt/documentDetails/3e198a906f634fbf914b455aa069ab96
Velosa,clb22,Registos de óbitos,PT/ADGRD/PRQ/PCLB22/003/00028,1906-01-20 – 1906-12-15,https://digitarq.arquivos.pt/fileViewer/10087b4fc7ff4479b31740ada2d09e9c?isRepresentation=false,https://digitarq.arquivos.pt/documentDetails/10087b4fc7ff4479b31740ada2d09e9c
Velosa,clb22,Registos de óbitos,PT/ADGRD/PRQ/PCLB22/003/00029,1907-01-05 – 1907-12-15,https://digitarq.arquivos.pt/fileViewer/45d01077237f43b381ed71f8876b731a?isRepresentation=false,https://digitarq.arquivos.pt/documentDetails/45d01077237f43b381ed71f8876b731a
Velosa,clb22,Registos de óbitos,PT/ADGRD/PRQ/PCLB22/003/00030,1908-01-24 – 1908-12-29,https://digitarq.arquivos.pt/fileViewer/f95f280c7d0d45e38f6f2ee78ba6994a?isRepresentation=false,https://digitarq.arquivos.pt/documentDetails/f95f280c7d0d45e38f6f2ee78ba6994a
Velosa,clb22,Registos de óbitos,PT/ADGRD/PRQ/PCLB22/003/00031,1909-01-01 – 1909-11-06,https://digitarq.arquivos.pt/fileViewer/184b9f3c3600471b8ea886b190d5baf4?isRepresentation=false,https://digitarq.arquivos.pt/documentDetails/184b9f3c3600471b8ea886b190d5baf4
Velosa,clb22,Registos de óbitos,PT/ADGRD/PRQ/PCLB22/003/00032,1910-01-02 – 1910-11-05,https://digitarq.arquivos.pt/fileViewer/9d35ce1f237541ae8b2f629bcdeec327?isRepresentation=false,https://digitarq.arquivos.pt/documentDetails/9d35ce1f237541ae8b2f629bcdeec327
Velosa,clb22,Registos de óbitos,"Após 1911, vigoram os livros do Registo Civil localizados a nível concelhio.",1911-04-01 –,/m/clb,
Vide Entre Vinhas,clb23,Registos de óbitos,PT/TT/PRQ/PCLB23/003/O1,1734-01-01 – 1787-12-31,https://digitarq.arquivos.pt/fileViewer/55c36e38974d47de8cf28470a408291b?isRepresentation=false,https://digitarq.arquivos.pt/documentDetails/55c36e38974d47de8cf28470a408291b
Vide Entre Vinhas,clb23,Registos de óbitos,PT/ADGRD/PRQ/PCLB23/003/00001,1789-07-01 – 1859-12-09,https://digitarq.arquivos.pt/fileViewer/29b1496a9ebc42498d9814f47b157f7b?isRepresentation=false,https://digitarq.arquivos.pt/documentDetails/29b1496a9ebc42498d9814f47b157f7b
Vide Entre Vinhas,clb23,Registos de óbitos,PT/ADGRD/PRQ/PCLB23/003/00002,1860-01-19 – 1860-12-13,https://digitarq.arquivos.pt/fileViewer/42e56323b97f430485118170a2744967?isRepresentation=false,https://digitarq.arquivos.pt/documentDetails/42e56323b97f430485118170a2744967
Vide Entre Vinhas,clb23,Registos de óbitos,PT/ADGRD/PRQ/PCLB23/003/00003,1861-01-04 – 1861-11-05,https://digitarq.arquivos.pt/fileViewer/4b2319285b4b45cb9ae8076ef1543927?isRepresentation=false,https://digitarq.arquivos.pt/documentDetails/4b2319285b4b45cb9ae8076ef1543927
Vide Entre Vinhas,clb23,Registos de óbitos,PT/ADGRD/PRQ/PCLB23/003/00004,1862-01-12 – 1862-10-29,https://digitarq.arquivos.pt/fileViewer/b5b3def4fa294e218cd4ae3aafdb01d5?isRepresentation=false,https://digitarq.arquivos.pt/documentDetails/b5b3def4fa294e218cd4ae3aafdb01d5
Vide Entre Vinhas,clb23,Registos de óbitos,PT/ADGRD/PRQ/PCLB23/003/00005,1863-01-26 – 1863-12-04,https://digitarq.arquivos.pt/fileViewer/e3efcf9b9fa64f57acc0c4d349d97ac9?isRepresentation=false,https://digitarq.arquivos.pt/documentDetails/e3efcf9b9fa64f57acc0c4d349d97ac9
Vide Entre Vinhas,clb23,Registos de óbitos,PT/ADGRD/PRQ/PCLB23/003/00006,1864-01-24 – 1864-09-07,https://digitarq.arquivos.pt/fileViewer/11f42e03410040ac8e5697d6c75e9d1e?isRepresentation=false,https://digitarq.arquivos.pt/documentDetails/11f42e03410040ac8e5697d6c75e9d1e
Vide Entre Vinhas,clb23,Registos de óbitos,PT/ADGRD/PRQ/PCLB23/003/00007,1865-02-13 – 1865-10-28,https://digitarq.arquivos.pt/fileViewer/0e55b06413584dcfab77b51ff064df4c?isRepresentation=false,https://digitarq.arquivos.pt/documentDetails/0e55b06413584dcfab77b51ff064df4c
Vide Entre Vinhas,clb23,Registos de óbitos,PT/ADGRD/PRQ/PCLB23/003/00008,1866-01-05 – 1866-11-05,https://digitarq.arquivos.pt/fileViewer/b02e56a36d1247899830f1aa6abadc07?isRepresentation=false,https://digitarq.arquivos.pt/documentDetails/b02e56a36d1247899830f1aa6abadc07
Vide Entre Vinhas,clb23,Registos de óbitos,PT/ADGRD/PRQ/PCLB23/003/00009,1867-02-01 – 1867-08-23,https://digitarq.arquivos.pt/fileViewer/fff5b9b3538b4391a37ce79cccf3152e?isRepresentation=false,https://digitarq.arquivos.pt/documentDetails/fff5b9b3538b4391a37ce79cccf3152e
Vide Entre Vinhas,clb23,Registos de óbitos,PT/ADGRD/PRQ/PCLB23/003/00010,1868-01-05 – 1868-11-10,https://digitarq.arquivos.pt/fileViewer/e6df7d01f7b14ee28a021745ca763c0f?isRepresentation=false,https://digitarq.arquivos.pt/documentDetails/e6df7d01f7b14ee28a021745ca763c0f
Vide Entre Vinhas,clb23,Registos de óbitos,PT/ADGRD/PRQ/PCLB23/003/00011,1869-04-01 – 1869-12-30,https://digitarq.arquivos.pt/fileViewer/a2c91ef32abc47eca58a5f9e77a92982?isRepresentation=false,https://digitarq.arquivos.pt/documentDetails/a2c91ef32abc47eca58a5f9e77a92982
Vide Entre Vinhas,clb23,Registos de óbitos,PT/ADGRD/PRQ/PCLB23/003/00012,1870-01-16 – 1870-12-25,https://digitarq.arquivos.pt/fileViewer/8be9f7c58d9d46d2bea803d194958f04?isRepresentation=false,https://digitarq.arquivos.pt/documentDetails/8be9f7c58d9d46d2bea803d194958f04
Vide Entre Vinhas,clb23,Registos de óbitos,PT/ADGRD/PRQ/PCLB23/003/00013,1871-02-11 – 1871-12-28,https://digitarq.arquivos.pt/fileViewer/80a71df4f2cd4c30bd48e06de462d4c2?isRepresentation=false,https://digitarq.arquivos.pt/documentDetails/80a71df4f2cd4c30bd48e06de462d4c2
Vide Entre Vinhas,clb23,Registos de óbitos,PT/ADGRD/PRQ/PCLB23/003/00014,1872-01-06 – 1884-10-04,https://digitarq.arquivos.pt/fileViewer/b0bfc7f1429440e1a0552e6d9f346295?isRepresentation=false,https://digitarq.arquivos.pt/documentDetails/b0bfc7f1429440e1a0552e6d9f346295
Vide Entre Vinhas,clb23,Registos de óbitos,PT/ADGRD/PRQ/PCLB23/003/00015,1885-01-10 – 1885-12-27,https://digitarq.arquivos.pt/fileViewer/d0cc1fb902b94ffaa0674df6f4da8259?isRepresentation=false,https://digitarq.arquivos.pt/documentDetails/d0cc1fb902b94ffaa0674df6f4da8259
Vide Entre Vinhas,clb23,Registos de óbitos,PT/ADGRD/PRQ/PCLB23/003/00016,1886-01-14 – 1886-09-30,https://digitarq.arquivos.pt/fileViewer/aa56d1209e9e44adbadf646880171033?isRepresentation=false,https://digitarq.arquivos.pt/documentDetails/aa56d1209e9e44adbadf646880171033
Vide Entre Vinhas,clb23,Registos de óbitos,PT/ADGRD/PRQ/PCLB23/003/00017,1887-02-03 – 1887-12-05,https://digitarq.arquivos.pt/fileViewer/2e46c5f600074144b08ff230bb19dd91?isRepresentation=false,https://digitarq.arquivos.pt/documentDetails/2e46c5f600074144b08ff230bb19dd91
Vide Entre Vinhas,clb23,Registos de óbitos,PT/ADGRD/PRQ/PCLB23/003/00018,1888-01-31 – 1888-12-12,https://digitarq.arquivos.pt/fileViewer/06783f7cb4ee42ceaefa843f5326b87e?isRepresentation=false,https://digitarq.arquivos.pt/documentDetails/06783f7cb4ee42ceaefa843f5326b87e
Vide Entre Vinhas,clb23,Registos de óbitos,PT/ADGRD/PRQ/PCLB23/003/00019,1889-06-10 – 1889-12-16,https://digitarq.arquivos.pt/fileViewer/59372c25cb1547158af2c9e1891d4e15?isRepresentation=false,https://digitarq.arquivos.pt/documentDetails/59372c25cb1547158af2c9e1891d4e15
Vide Entre Vinhas,clb23,Registos de óbitos,PT/ADGRD/PRQ/PCLB23/003/00020,1890-01-03 – 1890-12-06,https://digitarq.arquivos.pt/fileViewer/0a62a1e966a84a3bb37d605ad8efb74f?isRepresentation=false,https://digitarq.arquivos.pt/documentDetails/0a62a1e966a84a3bb37d605ad8efb74f
Vide Entre Vinhas,clb23,Registos de óbitos,PT/ADGRD/PRQ/PCLB23/003/00021,1891-01-16 – 1891-11-07,https://digitarq.arquivos.pt/fileViewer/b96a298a66944994be8ea5f05fa29251?isRepresentation=false,https://digitarq.arquivos.pt/documentDetails/b96a298a66944994be8ea5f05fa29251
Vide Entre Vinhas,clb23,Registos de óbitos,PT/ADGRD/PRQ/PCLB23/003/00022,1892-01-10 – 1892-11-19,https://digitarq.arquivos.pt/fileViewer/c238b2f2a264497fbd7c6f00a4b9d413?isRepresentation=false,https://digitarq.arquivos.pt/documentDetails/c238b2f2a264497fbd7c6f00a4b9d413
Vide Entre Vinhas,clb23,Registos de óbitos,PT/ADGRD/PRQ/PCLB23/003/00023,1893-01-02 – 1893-12-30,https://digitarq.arquivos.pt/fileViewer/a27ea220b56544859e61e9940a50a89b?isRepresentation=false,https://digitarq.arquivos.pt/documentDetails/a27ea220b56544859e61e9940a50a89b
Vide Entre Vinhas,clb23,Registos de óbitos,PT/ADGRD/PRQ/PCLB23/003/00024,1894-05-20 – 1894-11-09,https://digitarq.arquivos.pt/fileViewer/4d95f40b98174c94b4119ccb5848e1f5?isRepresentation=false,https://digitarq.arquivos.pt/documentDetails/4d95f40b98174c94b4119ccb5848e1f5
Vide Entre Vinhas,clb23,Registos de óbitos,PT/ADGRD/PRQ/PCLB23/003/00025,1895-01-14 – 1895-12-31,https://digitarq.arquivos.pt/fileViewer/aea01a0730544f9e82047522e21f3bf7?isRepresentation=false,https://digitarq.arquivos.pt/documentDetails/aea01a0730544f9e82047522e21f3bf7
Vide Entre Vinhas,clb23,Registos de óbitos,PT/ADGRD/PRQ/PCLB23/003/00026,1896-01-13 – 1896-11-30,https://digitarq.arquivos.pt/fileViewer/aac363ca5c274c359d42c4494276a9ac?isRepresentation=false,https://digitarq.arquivos.pt/documentDetails/aac363ca5c274c359d42c4494276a9ac
Vide Entre Vinhas,clb23,Registos de óbitos,PT/ADGRD/PRQ/PCLB23/003/00027,1897-04-15 – 1897-12-07,https://digitarq.arquivos.pt/fileViewer/ef8d5315935f488fbac4c90882f45e75?isRepresentation=false,https://digitarq.arquivos.pt/documentDetails/ef8d5315935f488fbac4c90882f45e75
Vide Entre Vinhas,clb23,Registos de óbitos,PT/ADGRD/PRQ/PCLB23/003/00028,1898-01-01 – 1898-12-31,https://digitarq.arquivos.pt/fileViewer/0a45aebc320d4d8583c5c2c861ec3bba?isRepresentation=false,https://digitarq.arquivos.pt/documentDetails/0a45aebc320d4d8583c5c2c861ec3bba
Vide Entre Vinhas,clb23,Registos de óbitos,PT/ADGRD/PRQ/PCLB23/003/00029,1899-02-03 – 1899-12-13,https://digitarq.arquivos.pt/fileViewer/fdfd5dd79ccf4c588a46cace72308409?isRepresentation=false,https://digitarq.arquivos.pt/documentDetails/fdfd5dd79ccf4c588a46cace72308409
Vide Entre Vinhas,clb23,Registos de óbitos,PT/ADGRD/PRQ/PCLB23/003/00030,1900-01-25 – 1900-12-22,https://digitarq.arquivos.pt/fileViewer/1087ce882985401c97e97fda2de87051?isRepresentation=false,https://digitarq.arquivos.pt/documentDetails/1087ce882985401c97e97fda2de87051
Vide Entre Vinhas,clb23,Registos de óbitos,PT/ADGRD/PRQ/PCLB23/003/00031,1901-01-19 – 1901-12-02,https://digitarq.arquivos.pt/fileViewer/09f5706842334d4dbe1748225d665644?isRepresentation=false,https://digitarq.arquivos.pt/documentDetails/09f5706842334d4dbe1748225d665644
Vide Entre Vinhas,clb23,Registos de óbitos,PT/ADGRD/PRQ/PCLB23/003/00032,1902-02-13 – 1902-12-30,https://digitarq.arquivos.pt/fileViewer/47e9f8dc58634ce1bd9a77331e753ea6?isRepresentation=false,https://digitarq.arquivos.pt/documentDetails/47e9f8dc58634ce1bd9a77331e753ea6
Vide Entre Vinhas,clb23,Registos de óbitos,PT/ADGRD/PRQ/PCLB23/003/00033,1903-01-19 – 1903-11-15,https://digitarq.arquivos.pt/fileViewer/a7e0e24649244a83b961c3c7f97b6b12?isRepresentation=false,https://digitarq.arquivos.pt/documentDetails/a7e0e24649244a83b961c3c7f97b6b12
Vide Entre Vinhas,clb23,Registos de óbitos,PT/ADGRD/PRQ/PCLB23/003/00034,1904-02-21 – 1904-10-18,https://digitarq.arquivos.pt/fileViewer/49bfa2328e1f46a38df0a734d0fee779?isRepresentation=false,https://digitarq.arquivos.pt/documentDetails/49bfa2328e1f46a38df0a734d0fee779
Vide Entre Vinhas,clb23,Registos de óbitos,PT/ADGRD/PRQ/PCLB23/003/00035,1905-03-24 – 1905-11-19,https://digitarq.arquivos.pt/fileViewer/2bb3a2a86a5940aabd9feb89ea2677b4?isRepresentation=false,https://digitarq.arquivos.pt/documentDetails/2bb3a2a86a5940aabd9feb89ea2677b4
Vide Entre Vinhas,clb23,Registos de óbitos,PT/ADGRD/PRQ/PCLB23/003/00036,1906-01-15 – 1906-12-08,https://digitarq.arquivos.pt/fileViewer/aa80e08bb7af4de6b9469284673c3e60?isRepresentation=false,https://digitarq.arquivos.pt/documentDetails/aa80e08bb7af4de6b9469284673c3e60
Vide Entre Vinhas,clb23,Registos de óbitos,PT/ADGRD/PRQ/PCLB23/003/00037,1907-02-11 – 1907-12-27,https://digitarq.arquivos.pt/fileViewer/a0c63100d58743858ac08414598eb035?isRepresentation=false,https://digitarq.arquivos.pt/documentDetails/a0c63100d58743858ac08414598eb035
Vide Entre Vinhas,clb23,Registos de óbitos,PT/ADGRD/PRQ/PCLB23/003/00038,1908-01-10 – 1908-12-02,https://digitarq.arquivos.pt/fileViewer/0f3e139dd0f044d4834862535700e9de?isRepresentation=false,https://digitarq.arquivos.pt/documentDetails/0f3e139dd0f044d4834862535700e9de
Vide Entre Vinhas,clb23,Registos de óbitos,PT/ADGRD/PRQ/PCLB23/003/00039,1909-01-31 – 1909-11-06,https://digitarq.arquivos.pt/fileViewer/d408e9ec85e4435d8bcda957148ab7c0?isRepresentation=false,https://digitarq.arquivos.pt/documentDetails/d408e9ec85e4435d8bcda957148ab7c0
Vide Entre Vinhas,clb23,Registos de óbitos,PT/ADGRD/PRQ/PCLB23/003/00040,1910-01-10 – 1910-12-30,https://digitarq.arquivos.pt/fileViewer/58181e4648ef486bbc15fd3f5ca68600?isRepresentation=false,https://digitarq.arquivos.pt/documentDetails/58181e4648ef486bbc15fd3f5ca68600
Vide Entre Vinhas,clb23,Registos de óbitos,PT/ADGRD/PRQ/PCLB23/003/00041,1911-01-02 – 1911-02-10,https://digitarq.arquivos.pt/fileViewer/d9418ad9c8e24621ad5386004e8040d7?isRepresentation=false,https://digitarq.arquivos.pt/documentDetails/d9418ad9c8e24621ad5386004e8040d7
Vide Entre Vinhas,clb23,Registos de óbitos,"Após 1911, vigoram os livros do Registo Civil localizados a nível concelhio.",1911-04-01 –,/m/clb,
